SYMBOL,PIVOT,BOTTOMCPR,TOPCPR,MOMENTUMOFSTOCK
1018GS2026,116.19,116.29,116.1,High
182D010623,99.7,99.7,99.7,High
182D080623,99.5,99.5,99.5,High
182D161123,96.6,96.6,96.6,High
182D250523,99.03,99.03,99.03,High
182D261023,96.75,96.78,96.72,High
20MICRONS,83.6,83.62,83.58,High
21STCENMGM,18.37,18.3,18.43,High
360ONE,403.47,403.55,403.38,High
364D040424,94.31,94.31,94.31,High
364D110424,93.63,93.6,93.67,High
364D161123,96.5,96.5,96.5,High
3IINFOLTD,32.02,32.0,32.03,High
3MINDIA,23751.97,23672.0,23831.93,Low
3PLAND,22.92,23.02,22.81,High
4THDIM,23.43,23.45,23.42,High
574GS2026,96.5,96.5,96.5,High
5PAISA,313.5,313.52,313.48,High
63MOONS,167.13,167.82,166.44,Low
654GS2032,98.57,98.45,98.68,High
667GS2050,98.44,98.44,98.44,High
669GS2024,102.63,102.45,102.82,Low
676GS2061,97.5,97.5,97.5,High
689GS2025,101.0,101.0,101.0,High
695GS2061,101.5,101.5,101.5,High
699GS2026,101.0,101.0,101.0,High
699GS2051,101.38,102.06,100.7,Low
706GS2028,101.75,101.75,101.75,High
710GS2029,101.82,101.75,101.88,High
717GS2030,101.67,101.5,101.83,Low
719GS2060,98.0,98.0,98.0,High
726GS2032,103.38,103.32,103.44,High
726GS2033,104.14,104.14,104.14,High
736GS2052,103.8,103.73,103.86,High
738GS2027,104.79,104.78,104.8,High
741GS2036,106.13,106.1,106.16,High
74GS2062,104.98,105.3,104.67,Low
754GS2036,107.75,107.74,107.75,High
759GS2026,102.23,102.23,102.23,High
75GS2034,105.4,105.4,105.4,High
763KA42,97.5,97.5,97.5,High
775AP29,98.0,98.0,98.0,High
91D100823,98.2,98.2,98.2,High
91D130723,98.8,98.8,98.8,High
91D170823,98.4,98.4,98.4,High
91D230623,99.65,99.65,99.65,High
91D250523,99.63,99.6,99.67,High
92GS2030,114.19,114.16,114.22,High
A2ZINFRA,6.83,6.8,6.87,High
AAATECH,62.32,63.33,61.31,Low
AAKASH,6.48,6.5,6.47,High
AAREYDRUGS,28.2,28.3,28.1,High
AARON,227.55,230.12,224.97,Low
AARTIDRUGS,462.15,463.5,460.8,Low
AARTIIND,494.17,493.9,494.43,Low
AARTIPHARM,352.05,351.8,352.3,Low
AARTIPP,290.37,290.48,290.26,High
AARTISURF,623.37,626.08,620.66,Low
AARTISURF,118.27,114.8,121.73,Low
AARVEEDEN,20.87,20.83,20.91,High
AARVI,127.15,126.42,127.87,Low
AAVAS,1392.9,1393.1,1392.7,Low
ABAN,38.57,38.6,38.53,High
ABB,3888.45,3885.3,3891.6,Low
ABBOTINDIA,20865.03,20848.32,20881.74,Low
ABCAPITAL,162.35,161.57,163.12,Low
ABCOTS,47.07,47.1,47.03,High
ABFRL,191.43,191.72,191.14,Low
ABMINTLLTD,50.67,50.65,50.68,High
ABSLAMC,349.12,349.27,348.96,Low
ABSLBANETF,44.13,44.18,44.08,High
ABSLLIQUID,1000.01,1000.01,1000.01,High
ABSLNN50ET,41.6,41.52,41.69,High
ACC,1725.13,1723.17,1727.09,Low
ACCELYA,1272.97,1273.47,1272.46,Low
ACCURACY,11.65,11.75,11.55,High
ACE,458.97,456.88,461.06,Low
ACEINTEG,39.92,40.4,39.43,Low
ACI,537.97,536.95,538.98,Low
ACL,80.85,80.85,80.85,High
ADANIENT,1937.05,1927.55,1946.55,Low
ADANIGREEN,873.03,861.08,884.99,Low
ADANIPORTS,680.58,676.83,684.34,Low
ADANIPOWER,228.8,225.15,232.45,Low
ADANITRANS,763.52,751.6,775.43,Low
ADFFOODS,829.77,829.52,830.01,Low
ADL,72.58,72.78,72.39,Low
ADORWELD,1164.02,1166.05,1161.98,Low
ADROITINFO,21.02,21.02,21.01,High
ADSL,97.32,97.0,97.63,Low
ADVANIHOTR,86.95,87.12,86.78,Low
ADVENZYMES,275.97,276.4,275.53,Low
AEGISCHEM,366.72,365.43,368.01,Low
AETHER,915.87,914.88,916.86,Low
AFFLE,914.68,914.48,914.89,Low
AGARIND,664.15,660.52,667.77,Low
AGARWALFT,36.17,36.25,36.08,High
AGI,603.43,605.3,601.57,Low
AGNI,19.73,19.45,20.02,Low
AGRITECH,103.78,103.9,103.67,High
AGROPHOS,36.07,36.1,36.03,High
AGSTRA,53.3,53.25,53.35,High
AGUL,49.1,49.1,49.1,High
AHL,295.57,297.35,293.78,Low
AHLADA,103.28,103.83,102.74,Low
AHLEAST,115.42,115.38,115.46,High
AHLUCONT,537.98,540.6,535.37,Low
AIAENG,2837.63,2844.15,2831.12,Low
AILIMITED,39.35,39.35,39.35,High
AIRAN,16.05,16.0,16.1,High
AIROLAM,74.47,74.88,74.06,Low
AIRTELPP,414.78,413.1,416.47,Low
AISL,45.7,45.7,45.7,High
AJANTPHARM,1290.22,1284.65,1295.78,Low
AJMERA,336.87,334.52,339.21,Low
AJOONI,5.0,5.03,4.97,High
AKASH,25.92,26.05,25.78,Low
AKG,29.58,29.52,29.64,High
AKI,105.98,105.72,106.24,Low
AKSHAR,67.87,67.8,67.93,High
AKSHARCHEM,224.12,224.65,223.58,Low
AKSHOPTFBR,9.1,9.07,9.12,High
AKZOINDIA,2428.33,2425.5,2431.17,Low
ALANKIT,9.17,9.2,9.13,High
ALBERTDAVD,599.5,601.05,597.95,Low
ALEMBICLTD,68.0,68.3,67.7,Low
ALICON,764.25,765.6,762.9,Low
ALKALI,99.65,99.6,99.7,High
ALKEM,3322.03,3332.0,3312.07,Low
ALKYLAMINE,2531.65,2532.62,2530.68,Low
ALLCARGO,285.57,285.43,285.71,Low
ALLETEC,113.55,113.08,114.02,Low
ALLSEC,449.62,445.62,453.61,Low
ALMONDZ,67.23,67.45,67.02,Low
ALOKINDS,13.25,13.32,13.18,High
ALPA,58.73,58.7,58.77,High
ALPHAGEO,258.67,258.3,259.03,Low
ALPSINDUS,2.0,2.0,2.0,High
AMARAJABAT,638.22,638.02,638.41,Low
AMBER,2105.68,2111.75,2099.62,Low
AMBICAAGAR,25.2,25.2,25.2,High
AMBIKCO,1544.65,1549.7,1539.6,Low
AMBUJACEM,401.6,400.82,402.37,Low
AMDIND,56.52,56.5,56.53,High
AMEYA,41.0,41.0,41.0,High
AMIABLE,90.67,90.5,90.83,Low
AMIORG,1165.68,1168.17,1163.19,Low
AMJLAND,23.78,23.9,23.67,High
AMRUTANJAN,600.37,601.08,599.66,Low
ANANDRATHI,857.57,855.12,860.01,Low
ANANTRAJ,145.22,145.2,145.23,High
ANDHRAPAP,455.67,455.82,455.51,Low
ANDHRSUGAR,116.12,116.17,116.06,High
ANDREWYU,22.95,22.93,22.97,High
ANGELONE,1205.37,1210.1,1200.63,Low
ANIKINDS,31.57,31.62,31.51,High
ANLON,213.98,215.97,211.99,Low
ANMOL,235.03,235.88,234.19,Low
ANNAPURNA,268.78,270.27,267.29,Low
ANSALAPI,9.78,9.85,9.72,High
ANTGRAPHIC,0.67,0.68,0.66,High
ANUP,1435.65,1442.25,1429.05,Low
ANURAS,1186.32,1180.62,1192.01,Low
APARINDS,2709.3,2705.53,2713.07,Low
APCL,177.72,177.93,177.51,Low
APCOTEXIND,482.35,481.1,483.6,Low
APEX,197.6,197.73,197.48,Low
APLAPOLLO,1099.48,1102.88,1096.09,Low
APLLTD,553.5,554.58,552.42,Low
APOLLO,32.88,32.9,32.87,High
APOLLOHOSP,4440.8,4437.62,4443.98,Low
APOLLOPIPE,626.5,627.35,625.65,Low
APOLLOTYRE,366.42,366.02,366.81,Low
APOLSINHOT,1401.07,1412.9,1389.23,Low
APTECHT,478.9,479.75,478.05,Low
APTUS,264.47,264.85,264.08,Low
ARCHIDPLY,67.73,67.75,67.72,High
ARCHIES,19.65,19.57,19.73,High
ARENTERP,33.23,33.08,33.39,Low
ARHAM,66.5,64.95,68.05,Low
ARIES,172.28,173.02,171.54,Low
ARIHANTCAP,37.47,37.62,37.31,Low
ARIHANTSUP,214.78,215.43,214.14,Low
ARISTO,62.33,62.5,62.17,Low
ARMANFIN,1525.17,1530.22,1520.11,Low
AROGRANITE,41.78,41.73,41.84,High
ARROWGREEN,273.93,271.73,276.14,Low
ARSHIYA,6.23,6.28,6.19,High
ARTEMISMED,84.07,83.95,84.18,High
ARTNIRMAN,46.38,46.45,46.32,High
ARVEE,107.25,107.55,106.95,Low
ARVIND,121.42,120.7,122.13,Low
ARVINDFASN,279.07,279.43,278.71,Low
ARVSMART,326.9,322.5,331.3,Low
ASAHIINDIA,458.02,459.05,456.98,Low
ASAHISONG,206.87,206.73,207.01,Low
ASAL,322.52,322.88,322.16,Low
ASALCBR,363.8,363.68,363.93,Low
ASHAPURMIN,148.98,148.62,149.34,Low
ASHIANA,178.88,178.9,178.87,High
ASHIMASYN,14.27,14.27,14.26,High
ASHOKA,83.32,83.45,83.18,Low
ASHOKLEY,153.73,153.25,154.22,Low
ASIANENE,101.83,101.3,102.37,Low
ASIANHOTNR,160.67,161.0,160.33,Low
ASIANPAINT,3093.48,3098.0,3088.97,Low
ASIANTILES,51.32,51.33,51.31,High
ASMS,8.65,8.65,8.65,High
ASPINWALL,213.83,213.65,214.02,Low
ASTEC,1483.97,1482.9,1485.03,Low
ASTERDM,255.83,256.45,255.22,Low
ASTRAL,1665.37,1671.97,1658.76,Low
ASTRAMICRO,333.03,332.55,333.52,Low
ASTRAZEN,3209.3,3213.25,3205.35,Low
ASTRON,26.27,26.38,26.16,High
ATALREAL,112.37,112.12,112.61,Low
ATAM,240.5,241.55,239.45,Low
ATFL,771.23,772.55,769.92,Low
ATGL,673.8,666.65,680.95,Low
ATLANTA,14.88,14.93,14.84,High
ATUL,6635.38,6645.5,6625.27,Low
ATULAUTO,374.52,372.75,376.28,Low
AUBANK,747.93,745.0,750.87,Low
AURIONPRO,633.8,624.17,643.42,Low
AUROPHARMA,592.62,593.9,591.33,Low
AURUM,112.98,113.3,112.67,Low
AURUMPP,52.75,52.75,52.75,High
AUSOMENT,60.75,60.8,60.7,High
AUTOAXLES,2263.25,2284.72,2241.78,Low
AUTOBEES,141.1,141.21,140.99,High
AUTOIND,65.78,65.8,65.77,High
AVADHSUGAR,487.45,486.12,488.77,Low
AVALON,408.93,407.55,410.32,Low
AVANTIFEED,369.2,370.5,367.9,Low
AVG,218.53,219.53,217.54,Low
AVONMORE,64.95,65.12,64.78,Low
AVROIND,146.12,147.12,145.11,Low
AVTNPL,92.0,92.08,91.92,High
AWHCL,283.32,284.32,282.31,Low
AWL,394.05,389.1,399.0,Low
AXISBANK,920.0,917.98,922.02,Low
AXISBNKETF,443.31,442.69,443.92,Low
AXISBPSETF,11.09,11.13,11.04,High
AXISCADES,359.73,356.05,363.42,Low
AXISCETF,77.55,77.52,77.58,High
AXISGOLD,51.6,51.59,51.61,High
AXISHCETF,79.56,79.62,79.5,High
AXISILVER,73.52,73.45,73.58,High
AXISNIFTY,195.34,195.97,194.71,Low
AXISTECETF,290.75,290.6,290.89,Low
AXITA,26.05,26.05,26.05,High
AXSENSEX,61.44,61.41,61.46,High
AYMSYNTEX,75.3,75.43,75.18,Low
BAFNAPH,89.75,89.67,89.83,High
BAGFILMS,4.17,4.17,4.16,High
BAHETI,108.67,109.5,107.83,Low
BAIDFIN,38.17,38.78,37.56,Low
BAJAJ-AUTO,4499.13,4507.1,4491.17,Low
BAJAJCON,179.82,179.25,180.38,Low
BAJAJELEC,1181.05,1181.17,1180.92,Low
BAJAJFINSV,1411.62,1409.88,1413.36,Low
BAJAJHCARE,306.57,307.43,305.71,Low
BAJAJHIND,13.47,13.4,13.53,High
BAJAJHLDNG,6315.52,6324.02,6307.01,Low
BAJFINANCE,6772.07,6766.0,6778.13,Low
BALAJITELE,41.43,41.53,41.34,High
BALAMINES,2327.97,2338.7,2317.23,Low
BALAXI,622.3,627.42,617.17,Low
BALKRISHNA,26.67,26.7,26.63,High
BALKRISIND,2173.72,2186.1,2161.33,Low
BALLARPUR,0.67,0.68,0.66,High
BALMLAWRIE,124.08,123.97,124.19,High
BALPHARMA,84.48,84.3,84.67,Low
BALRAMCHIN,387.27,386.8,387.73,Low
BANARBEADS,80.82,81.1,80.53,Low
BANARISUG,2729.83,2732.35,2727.32,Low
BANCOINDIA,277.8,279.85,275.75,Low
BANDHANBNK,240.05,241.1,239.0,Low
BANG,39.75,39.9,39.6,Low
BANKA,73.95,74.15,73.75,Low
BANKBARODA,180.75,180.18,181.32,Low
BANKBEES,444.35,443.74,444.96,Low
BANKINDIA,75.83,75.9,75.77,High
BANSWRAS,166.18,167.47,164.89,Low
BARBEQUE,632.42,634.5,630.33,Low
BASF,2453.6,2457.75,2449.45,Low
BASML,44.2,44.25,44.15,High
BATAINDIA,1549.67,1557.43,1541.91,Low
BAYERCROP,4137.38,4137.85,4136.92,Low
BBETF0432,1076.55,1076.06,1077.03,Low
BBL,2862.43,2875.0,2849.87,Low
BBOX,135.12,135.07,135.16,High
BBTC,945.27,945.35,945.18,High
BBTCL,235.47,234.93,236.01,Low
BCG,14.83,14.85,14.82,High
BCLIND,460.85,460.93,460.77,High
BCONCEPTS,251.33,253.95,248.72,Low
BDL,1059.45,1060.97,1057.93,Low
BEARDSELL,23.23,23.33,23.14,High
BECTORFOOD,651.37,651.5,651.23,Low
BEDMUTHA,56.02,56.03,56.01,High
BEL,106.85,106.78,106.93,High
BEML,1428.92,1434.25,1423.58,Low
BEPL,135.42,135.0,135.83,Low
BERGEPAINT,624.0,623.38,624.62,Low
BESTAGRO,1063.5,1065.47,1061.53,Low
BETA,735.15,736.75,733.55,Low
BEWLTD,922.25,913.95,930.55,Low
BFINVEST,372.78,372.77,372.79,High
BFUTILITIE,339.22,339.12,339.31,High
BGRENERGY,53.22,53.35,53.08,Low
BHAGCHEM,1542.1,1538.53,1545.68,Low
BHAGERIA,125.4,125.38,125.42,High
BHAGYANGR,48.47,48.3,48.63,Low
BHANDARI,4.75,4.75,4.75,High
BHARATFORG,759.38,760.42,758.34,Low
BHARATGEAR,121.02,121.08,120.96,High
BHARATRAS,9986.48,10008.98,9963.99,Low
BHARATWIRE,157.57,157.62,157.51,High
BHARTIARTL,802.45,800.8,804.1,Low
BHEL,80.47,80.67,80.26,Low
BIGBLOC,170.45,170.15,170.75,Low
BIKAJI,381.88,380.73,383.04,Low
BIL,179.85,180.68,179.02,Low
BINANIIND,24.28,24.0,24.57,Low
BIOCON,242.98,243.6,242.37,Low
BIOFILCHEM,43.75,43.65,43.85,High
BIRET,272.99,273.02,272.95,High
BIRLACABLE,166.0,165.25,166.75,Low
BIRLACORPN,990.27,991.62,988.91,Low
BIRLAMONEY,50.97,51.02,50.91,High
BIRLATYRE,4.45,4.47,4.43,High
BLAL,170.7,170.7,170.7,High
BLBLIMITED,20.73,21.12,20.34,Low
BLISSGVS,73.38,73.55,73.22,Low
BLKASHYAP,41.82,41.9,41.73,High
BLS,176.02,176.8,175.23,Low
BLUEDART,6035.42,6027.5,6043.33,Low
BLUESTARCO,1410.6,1414.25,1406.95,Low
BMETRICS,415.45,413.7,417.2,Low
BODALCHEM,67.42,67.5,67.33,High
BOHRAIND,86.62,87.03,86.21,Low
BOMDYEING,82.72,82.78,82.66,High
BOROLTD,408.72,407.6,409.83,Low
BORORENEW,513.42,515.73,511.11,Low
BOSCHLTD,18920.1,18938.05,18902.15,Low
BPCL,360.13,360.05,360.22,High
BPL,58.88,59.02,58.74,Low
BRIGADE,537.97,535.58,540.36,Low
BRIGHT,4.97,4.97,4.96,High
BRITANNIA,4525.7,4538.62,4512.77,Low
BRITANNIA,28.33,28.33,28.33,High
BRNL,31.45,31.38,31.52,High
BROOKS,62.67,62.83,62.51,Low
BSE,525.03,525.48,524.59,Low
BSHSL,306.57,307.1,306.03,Low
BSL,190.93,190.75,191.12,Low
BSLGOLDETF,54.38,54.39,54.36,High
BSLNIFTY,20.68,20.75,20.62,High
BSLSENETFG,60.04,60.05,60.03,High
BSOFT,330.7,328.73,332.67,Low
BTML,178.82,180.43,177.21,Low
BURNPUR,4.63,4.65,4.62,High
BUTTERFLY,1020.37,1018.2,1022.53,Low
BVCL,38.47,38.58,38.36,High
BYKE,39.72,39.7,39.73,High
CADSYS,35.1,35.1,35.1,High
CALSOFT,15.37,15.48,15.26,High
CAMLINFINE,172.47,172.35,172.58,High
CAMPUS,354.07,353.8,354.33,Low
CAMS,2073.27,2069.05,2077.48,Low
CANBK,296.02,295.12,296.91,Low
CANFINHOME,665.43,664.98,665.89,Low
CANTABIL,1048.4,1047.97,1048.82,Low
CAPACITE,168.3,168.25,168.35,High
CAPLIPOINT,699.95,699.88,700.02,High
CAPTRUST,68.22,68.2,68.23,High
CARBORUNIV,1196.02,1193.58,1198.46,Low
CAREERP,220.12,220.3,219.93,Low
CARERATING,703.97,704.3,703.63,Low
CARTRADE,420.03,419.75,420.32,Low
CARYSIL,590.08,588.9,591.27,Low
CASTROLIND,112.68,112.7,112.67,High
CCCL,1.32,1.3,1.33,High
CCHHL,7.07,7.03,7.11,High
CCL,601.68,604.1,599.27,Low
CDSL,987.72,986.53,988.91,Low
CEATLTD,1859.47,1854.1,1864.83,Low
CELEBRITY,14.07,14.1,14.03,High
CENTENKA,394.5,396.5,392.5,Low
CENTEXT,10.0,10.03,9.97,High
CENTRALBK,26.63,26.62,26.64,High
CENTRUM,18.48,18.5,18.47,High
CENTUM,823.62,818.35,828.88,Low
CENTURYPLY,573.68,573.0,574.37,Low
CENTURYTEX,809.95,813.05,806.85,Low
CERA,7477.72,7468.02,7487.41,Low
CEREBRAINT,6.7,6.7,6.7,High
CESC,71.9,72.0,71.8,High
CGCL,679.78,682.5,677.07,Low
CGPOWER,339.55,339.0,340.1,Low
CHALET,429.28,429.02,429.54,Low
CHAMBLFERT,291.28,291.62,290.94,Low
CHEMBOND,312.73,313.18,312.29,Low
CHEMCON,270.18,269.62,270.74,Low
CHEMFAB,305.85,301.42,310.27,Low
CHEMPLASTS,464.48,463.75,465.22,Low
CHENNPETRO,353.68,355.2,352.17,Low
CHEVIOT,1161.88,1162.0,1161.77,High
CHOICEIN,359.23,360.07,358.39,Low
CHOLAFIN,1039.48,1037.53,1041.44,Low
CHOLAFIN,1005.0,1005.0,1005.0,High
CHOLAFIN,1008.05,1008.39,1007.7,Low
CHOLAFIN,1004.0,1004.0,1004.0,High
CHOLAHLDNG,830.03,828.0,832.07,Low
CIGNITITEC,840.72,834.77,846.66,Low
CINELINE,79.22,79.67,78.76,Low
CINEVISTA,11.83,11.85,11.82,High
CIPLA,917.08,917.5,916.67,Low
CLEAN,1492.47,1490.5,1494.43,Low
CLEDUCATE,58.3,58.73,57.88,Low
CLOUD,193.77,195.9,191.63,Low
CLSEL,194.05,193.9,194.2,Low
CMNL,54.63,54.5,54.77,Low
CMRSL,119.33,120.0,118.67,Low
CMSINFO,311.32,313.07,309.56,Low
COALINDIA,239.27,238.95,239.58,Low
COASTCORP,199.75,200.1,199.4,Low
COASTPP1,135.75,134.0,137.5,Low
COCHINSHIP,543.62,544.35,542.88,Low
COFFEEDAY,36.55,36.58,36.53,High
COFORGE,4262.55,4254.75,4270.35,Low
COLPAL,1611.03,1612.17,1609.89,Low
COMPINFO,13.25,13.28,13.22,High
COMPUSOFT,17.65,17.65,17.65,High
CONCOR,622.23,620.17,624.29,Low
CONFIPET,61.43,61.4,61.47,High
CONSOFINVT,114.77,115.22,114.31,Low
CONSUMBEES,83.86,83.84,83.89,High
CONTI,17.9,17.9,17.9,High
CONTROLPR,595.48,597.65,593.32,Low
COOLCAPS,525.33,525.5,525.17,Low
CORALFINAC,33.53,33.8,33.27,Low
CORDSCABLE,89.93,88.12,91.74,Low
COROMANDEL,930.2,931.83,928.58,Low
COSMOFIRST,653.9,653.83,653.97,High
COUNCODOS,3.92,3.9,3.93,High
CPSEETF,43.05,43.04,43.05,High
CRAFTSMAN,3523.62,3534.5,3512.73,Low
CREATIVE,391.43,389.3,393.57,Low
CREATIVEYE,4.17,4.2,4.13,High
CREDITACC,1213.37,1210.0,1216.73,Low
CREDITACC,1005.67,1006.0,1005.33,Low
CREDITACC,1014.0,1014.0,1014.0,High
CREDITACC,1060.98,1060.47,1061.49,Low
CREST,181.5,181.73,181.27,Low
CRISIL,3538.48,3533.38,3543.59,Low
CROMPTON,254.07,253.85,254.28,Low
CROWN,35.27,35.05,35.48,Low
CSBBANK,284.95,285.5,284.4,Low
CSLFINANCE,216.55,217.62,215.47,Low
CTE,54.43,54.42,54.44,High
CUB,139.9,139.62,140.18,Low
CUBEXTUB,40.48,40.65,40.32,Low
CUMMINSIND,1633.0,1629.65,1636.35,Low
CUPID,257.28,257.4,257.17,High
CYBERMEDIA,16.77,16.9,16.63,Low
CYBERTECH,128.57,128.15,128.98,Low
CYIENT,1301.6,1302.53,1300.68,Low
DAAWAT,118.57,118.93,118.21,Low
DABUR,520.67,521.45,519.88,Low
DALBHARAT,2056.45,2055.85,2057.05,Low
DALMIASUG,366.4,368.18,364.63,Low
DAMODARIND,41.2,41.38,41.02,Low
DANGEE,13.0,13.0,13.0,High
DATAMATICS,490.05,489.0,491.1,Low
DATAPATTNS,1605.27,1606.53,1604.01,Low
DBCORP,119.38,119.03,119.74,Low
DBL,168.2,168.68,167.73,Low
DBOL,166.43,166.25,166.62,Low
DBREALTY,80.27,80.05,80.48,Low
DBSTOCKBRO,23.83,23.85,23.82,High
DCAL,128.47,127.88,129.06,Low
DCBBANK,113.9,113.88,113.92,High
DCI,159.73,160.85,158.62,Low
DCM,66.02,65.8,66.23,Low
DCMFINSERV,4.52,4.53,4.51,High
DCMNVL,145.28,145.68,144.89,Low
DCMSHRIRAM,832.85,832.02,833.68,Low
DCMSRIND,69.7,69.68,69.72,High
DCW,44.38,44.15,44.62,Low
DCXINDIA,195.35,196.7,194.0,Low
DECCANCE,464.67,463.18,466.16,Low
DEEPAKFERT,555.93,558.48,553.39,Low
DEEPAKNTR,1953.27,1959.35,1947.18,Low
DEEPENR,114.18,114.47,113.89,Low
DEEPINDS,162.18,163.38,160.99,Low
DELHIVERY,364.53,366.12,362.94,Low
DELPHIFX,328.07,329.48,326.66,Low
DELTACORP,219.67,219.85,219.48,Low
DELTAMAGNT,73.5,74.03,72.97,Low
DEN,30.37,30.38,30.36,High
DENEERS,186.9,186.68,187.12,Low
DENORA,1493.35,1499.0,1487.7,Low
DEVIT,113.95,115.18,112.72,Low
DEVYANI,181.98,181.5,182.47,Low
DGCONTENT,15.38,15.32,15.44,High
DHAMPURSUG,248.63,248.22,249.04,Low
DHANBANK,16.67,16.62,16.71,High
DHANI,35.97,36.15,35.78,Low
DHANILOANS,997.61,997.42,997.81,Low
DHANILOANS,1005.84,1007.5,1004.18,Low
DHANILOANS,1025.0,1025.0,1025.0,High
DHANILOANS,1010.0,1010.0,1010.0,High
DHANUKA,672.6,672.38,672.83,Low
DHARMAJ,170.92,171.0,170.83,High
DHARSUGAR,8.48,8.5,8.47,High
DHRUV,50.52,50.5,50.53,High
DHUNINV,685.58,685.4,685.77,Low
DIAMONDYD,786.13,788.17,784.09,Low
DICIND,389.3,390.18,388.43,Low
DIGISPICE,18.85,18.8,18.9,High
DIGJAMLMTD,87.77,87.3,88.23,Low
DIL,16.85,16.8,16.9,High
DISHTV,14.88,14.93,14.84,High
DIVGIITTS,726.18,730.5,721.87,Low
DIVISLAB,3114.05,3121.93,3106.18,Low
DIVOPPBEES,50.29,50.34,50.25,High
DIXON,3023.45,3017.5,3029.4,Low
DJML,173.38,173.38,173.39,High
DKEGL,60.15,60.23,60.07,High
DLF,466.13,463.25,469.02,Low
DLINKINDIA,242.78,242.5,243.07,Low
DMART,3401.62,3404.8,3398.43,Low
DMCC,277.48,279.98,274.99,Low
DNAMEDIA,2.72,2.75,2.68,High
DODLA,497.05,494.52,499.58,Low
DOLATALGO,47.5,47.6,47.4,High
DOLLAR,366.12,364.6,367.63,Low
DOLLEX,37.68,37.5,37.87,Low
DONEAR,97.0,97.22,96.78,Low
DPABHUSHAN,295.72,296.05,295.38,Low
DPSCLTD,10.58,10.6,10.57,High
DPWIRES,395.2,394.5,395.9,Low
DRCSYSTEMS,40.5,40.25,40.75,Low
DREAMFOLKS,492.88,492.17,493.59,Low
DREDGECORP,336.35,336.15,336.55,Low
DRL,9.05,9.05,9.05,High
DRREDDY,4405.33,4412.02,4398.64,Low
DSPBANKETF,43.86,43.85,43.88,High
DSPGOLDETF,60.53,60.9,60.17,Low
DSPN50ETF,184.18,184.12,184.24,High
DSPNEWETF,211.83,211.5,212.16,Low
DSPQ50ETF,167.51,167.45,167.58,High
DSPSILVETF,71.38,71.3,71.46,High
DSSL,369.32,369.0,369.63,Low
DTIL,201.13,201.22,201.04,High
DUCOL,119.03,119.1,118.97,High
DUCON,7.62,7.55,7.68,High
DUGLOBAL,202.57,204.18,200.96,Low
DVL,248.62,249.18,248.06,Low
DWARKESH,90.62,90.07,91.16,Low
DYCL,190.23,190.6,189.87,Low
DYNAMATECH,3422.93,3426.0,3419.87,Low
DYNAMIC,24.72,24.55,24.88,Low
DYNPRO,314.58,314.15,315.02,Low
E2E,169.8,171.05,168.55,Low
EASEMYTRIP,46.15,46.22,46.08,High
EBANK,4421.03,4421.03,4421.03,High
EBBETF0425,1128.64,1128.38,1128.91,Low
EBBETF0430,1282.87,1282.0,1283.73,Low
EBBETF0431,1146.91,1146.7,1147.11,Low
EBBETF0433,1046.76,1046.99,1046.53,Low
ECLERX,1385.23,1380.5,1389.97,Low
ECLFINANCE,993.67,993.5,993.83,Low
ECLFINANCE,1539.63,1539.65,1539.62,High
ECLFINANCE,973.34,973.51,973.17,Low
ECLFINANCE,1022.37,1021.05,1023.68,Low
ECLFINANCE,996.0,996.5,995.5,Low
ECLFINANCE,1022.67,1023.0,1022.33,Low
ECLFINANCE,1005.0,1005.0,1005.0,High
ECLFINANCE,1012.0,1012.5,1011.5,Low
EDELWEISS,64.43,64.75,64.12,Low
EHFLNCD,1053.73,1052.1,1055.37,Low
EICHERMOT,3553.8,3545.25,3562.35,Low
EIDPARRY,496.22,496.02,496.41,Low
EIFFL,147.6,147.7,147.5,High
EIHAHOTELS,504.32,506.2,502.43,Low
EIHOTEL,206.18,206.65,205.72,Low
EIMCOELECO,663.88,663.9,663.87,High
EKC,99.58,99.55,99.62,High
ELDEHSG,592.15,592.27,592.02,Low
ELECON,551.98,546.42,557.54,Low
ELECTCAST,45.05,45.3,44.8,Low
ELECTHERM,65.77,65.8,65.73,High
ELGIEQUIP,471.47,471.1,471.83,Low
ELGIRUBCO,42.35,42.47,42.22,Low
ELIN,135.15,134.75,135.55,Low
EMAMILTD,394.67,394.0,395.33,Low
EMAMILTD,391.67,391.43,391.91,Low
EMAMIPAP,125.53,125.75,125.32,Low
EMAMIREAL,70.72,70.67,70.76,High
EMBASSY,304.69,304.77,304.61,High
EMIL,72.75,72.68,72.83,High
EMKAY,71.4,71.07,71.72,Low
EMMBI,93.45,93.82,93.07,Low
EMUDHRA,398.23,396.73,399.74,Low
ENDURANCE,1394.57,1395.1,1394.03,Low
ENERGYDEV,17.4,17.45,17.35,High
ENGINERSIN,99.0,98.28,99.72,Low
ENIL,119.73,119.55,119.92,Low
EPL,189.02,189.03,189.01,High
EQUITASBNK,81.23,81.25,81.22,High
ERFLNCDI,916.2,914.9,917.5,Low
ERFLNCDI,916.0,916.0,916.0,High
ERIS,623.22,624.1,622.33,Low
EROSMEDIA,24.37,24.43,24.31,High
ESABINDIA,3594.83,3608.88,3580.79,Low
ESCORTS,2063.35,2065.95,2060.75,Low
ESSARSHPNG,8.75,8.75,8.75,High
ESSENTIA,6.82,6.85,6.78,High
ESTER,129.48,130.45,128.52,Low
ETHOSLTD,1226.13,1227.9,1224.37,Low
EUROBOND,135.67,136.0,135.33,Low
EUROTEXIND,9.42,9.45,9.38,High
EVEREADY,309.55,310.02,309.08,Low
EVERESTIND,820.85,824.33,817.38,Low
EXCEL,0.4,0.4,0.4,High
EXCELINDUS,849.9,849.55,850.25,Low
EXIDEIND,203.55,203.02,204.07,Low
EXPLEOSOL,1503.0,1509.35,1496.65,Low
EXXARO,126.43,126.0,126.87,Low
FACT,309.23,310.3,308.17,Low
FAIRCHEMOR,1160.87,1156.65,1165.08,Low
FAZE3Q,341.48,342.12,340.84,Low
FCL,257.43,258.7,256.17,Low
FCONSUMER,1.1,1.1,1.1,High
FCSSOFT,2.18,2.2,2.17,High
FDC,288.23,288.62,287.84,Low
FEDERALBNK,126.08,126.05,126.12,High
FELIX,121.33,121.0,121.67,Low
FIBERWEB,34.4,34.72,34.08,Low
FIDEL,71.27,70.8,71.73,Low
FIEMIND,1854.78,1845.53,1864.04,Low
FILATEX,37.58,37.65,37.52,High
FINCABLES,885.28,887.5,883.07,Low
FINEORG,4434.33,4435.25,4433.42,Low
FINOPB,205.08,205.7,204.47,Low
FINPIPE,189.75,189.38,190.12,Low
FIVESTAR,529.68,529.75,529.62,High
FLEXITUFF,28.97,28.98,28.96,High
FLFL,4.97,4.97,4.96,High
FLUOROCHEM,3313.33,3314.02,3312.64,Low
FMGOETZE,323.57,323.38,323.76,Low
FMNL,4.85,4.83,4.88,High
FOCE,512.0,512.0,512.0,High
FOCUS,595.8,592.85,598.75,Low
FOODSIN,158.33,159.0,157.67,Low
FORCEMOT,1370.67,1374.05,1367.28,Low
FORTIS,281.9,281.73,282.08,Low
FOSECOIND,2637.73,2607.5,2667.97,Low
FROG,171.8,171.15,172.45,Low
FSL,134.45,134.62,134.28,Low
FUSION,472.48,471.4,473.57,Low
GABRIEL,169.67,169.2,170.13,Low
GAEL,235.62,236.1,235.13,Low
GAIL,104.5,104.33,104.67,Low
GAL,3.02,3.02,3.01,High
GALAXYSURF,2628.55,2636.53,2620.57,Low
GALLANTT,52.67,52.73,52.61,High
GANDHITUBE,517.38,517.6,517.17,Low
GANECOS,1053.23,1058.57,1047.89,Low
GANESHBE,147.63,147.7,147.57,High
GANESHHOUC,352.05,352.77,351.33,Low
GANGAFORGE,3.7,3.67,3.72,High
GANGESSECU,106.95,107.47,106.43,Low
GARFIBRES,2999.87,3001.62,2998.11,Low
GATEWAY,64.2,64.05,64.35,Low
GATI,118.35,118.3,118.4,High
GAYAHWS,0.68,0.68,0.69,High
GEECEE,157.5,158.2,156.8,Low
GEEKAYWIRE,161.73,161.2,162.27,Low
GENCON,60.28,60.83,59.74,Low
GENESYS,346.67,345.5,347.83,Low
GENUSPAPER,13.9,13.93,13.88,High
GENUSPOWER,87.78,87.88,87.69,High
GEOJITFSL,42.87,42.9,42.83,High
GEPIL,136.0,136.4,135.6,Low
GESHIP,683.03,684.05,682.02,Low
GET&D,232.45,232.03,232.88,Low
GFLLIMITED,55.15,55.4,54.9,Low
GHCL,512.03,512.62,511.44,Low
GICHSGFIN,169.78,169.57,169.99,Low
GICL,41.2,41.6,40.8,Low
GICRE,174.1,174.32,173.88,Low
GILLANDERS,65.5,65.58,65.42,High
GILLETTE,4399.58,4401.35,4397.82,Low
GILT5YBEES,52.34,52.33,52.34,High
GINNIFILA,22.73,22.9,22.57,Low
GIPCL,98.22,97.8,98.63,Low
GISOLUTION,30.63,30.15,31.12,Low
GKWLIMITED,537.93,539.98,535.89,Low
GLAND,1108.53,1130.0,1087.07,Low
GLAXO,1287.72,1286.35,1289.08,Low
GLENMARK,618.72,615.92,621.51,Low
GLFL,2.98,3.0,2.97,High
GLOBAL,212.87,212.5,213.23,Low
GLOBALVECT,59.72,59.83,59.61,High
GLOBE,2.85,2.85,2.85,High
GLOBUSSPR,1012.68,1009.73,1015.64,Low
GLS,527.25,527.67,526.83,Low
GMBREW,563.2,564.15,562.25,Low
GMDCLTD,164.37,164.1,164.63,Low
GMMPFAUDLR,1476.72,1474.97,1478.46,Low
GMRINFRA,44.95,44.85,45.05,High
GMRP&UI,17.75,17.73,17.77,High
GNA,760.95,758.27,763.62,Low
GNFC,591.27,591.6,590.93,Low
GOACARBON,482.37,483.6,481.13,Low
GOCLCORP,303.98,304.9,303.07,Low
GOCOLORS,1117.05,1112.9,1121.2,Low
GODFRYPHLP,1735.62,1735.17,1736.06,Low
GODHA,1.22,1.2,1.23,High
GODREJAGRO,422.27,422.52,422.01,Low
GODREJCP,1009.42,1009.25,1009.58,Low
GODREJIND,467.55,466.35,468.75,Low
GODREJPROP,1311.1,1305.55,1316.65,Low
GOKEX,394.17,392.55,395.78,Low
GOKUL,29.1,29.15,29.05,High
GOKULAGRO,98.93,98.5,99.37,Low
GOLDBEES,51.4,51.39,51.42,High
GOLDIAM,143.77,143.6,143.93,Low
GOLDSHARE,51.58,51.58,51.59,High
GOLDSTAR,8.55,8.55,8.55,High
GOLDTECH,57.47,57.53,57.41,High
GOODLUCK,486.55,486.85,486.25,Low
GOODYEAR,1215.33,1215.53,1215.14,Low
GOYALALUM,21.1,21.1,21.1,High
GPIL,384.25,384.2,384.3,High
GPPL,111.02,110.47,111.56,Low
GPTINFRA,58.0,58.77,57.23,Low
GRANULES,276.82,277.07,276.56,Low
GRAPHITE,344.32,345.75,342.88,Low
GRASIM,1708.35,1704.47,1712.22,Low
GRAUWEIL,114.83,115.3,114.37,Low
GRAVITA,565.02,564.12,565.91,Low
GRCL,40.02,40.5,39.53,Low
GREAVESCOT,155.65,156.38,154.93,Low
GREENLAM,307.55,308.52,306.58,Low
GREENPANEL,327.82,328.42,327.21,Low
GREENPLY,160.98,160.43,161.54,Low
GREENPOWER,8.73,8.72,8.74,High
GRINDWELL,2073.12,2067.0,2079.23,Low
GRINFRA,1121.35,1130.03,1112.68,Low
GRMOVER,194.47,195.07,193.86,Low
GROBTEA,750.98,753.0,748.97,Low
GRPLTD,3550.32,3550.0,3550.63,Low
GRSE,508.33,509.0,507.67,Low
GRWRHITECH,642.27,640.42,644.11,Low
GSFC,168.85,169.25,168.45,Low
GSLSU,204.37,203.88,204.86,Low
GSPL,280.25,279.05,281.45,Low
GSS,199.57,200.45,198.68,Low
GSTL,103.9,103.9,103.9,High
GTL,5.25,5.28,5.22,High
GTLINFRA,0.82,0.82,0.81,High
GTPL,104.43,104.5,104.37,High
GUFICBIO,202.8,202.45,203.15,Low
GUJALKALI,689.77,689.5,690.03,Low
GUJAPOLLO,195.53,195.8,195.27,Low
GUJGASLTD,480.55,481.35,479.75,Low
GUJRAFFIA,29.42,29.25,29.58,Low
GULFOILLUB,437.35,435.8,438.9,Low
GULFPETRO,36.6,36.58,36.62,High
GULPOLY,260.85,262.0,259.7,Low
GVKPIL,2.52,2.52,2.51,High
HAL,3076.1,3077.5,3074.7,Low
HAPPSTMNDS,877.67,879.0,876.33,Low
HARDWYN,368.75,369.02,368.48,Low
HARIOMPIPE,586.88,588.98,584.79,Low
HARRMALAYA,125.55,125.25,125.85,Low
HARSHA,454.23,454.48,453.99,Low
HATHWAY,13.27,13.27,13.26,High
HATSUN,875.55,876.33,874.78,Low
HAVELLS,1259.32,1259.2,1259.43,High
HAVISHA,1.85,1.88,1.82,High
HBANKETF,441.96,441.64,442.29,Low
HBLPOWER,103.58,103.85,103.32,Low
HBSL,48.97,49.08,48.86,High
HCC,17.07,16.95,17.18,High
HCG,310.28,309.58,310.99,Low
HCL-INSYS,13.48,13.55,13.42,High
HCLTECH,1093.93,1093.22,1094.64,Low
HDFC,2712.08,2712.65,2711.52,Low
HDFC,533.33,530.5,536.17,Low
HDFCAMC,1787.15,1778.42,1795.87,Low
HDFCBANK,1642.82,1640.78,1644.86,Low
HDFCBSE500,28.36,28.3,28.43,High
HDFCGROWTH,90.13,90.25,90.02,High
HDFCLIFE,559.15,559.92,558.38,Low
HDFCLOWVOL,135.49,135.78,135.21,Low
HDFCMFGETF,52.91,52.89,52.94,High
HDFCMID150,121.72,121.41,122.03,Low
HDFCMOMENT,197.16,196.93,197.4,Low
HDFCNEXT50,406.1,405.99,406.21,High
HDFCNIF100,181.57,181.22,181.92,Low
HDFCNIFETF,197.8,197.67,197.93,Low
HDFCNIFIT,283.66,283.08,284.25,Low
HDFCPVTBAN,222.76,222.14,223.38,Low
HDFCQUAL,40.66,40.58,40.73,High
HDFCSENETF,671.41,670.64,672.18,Low
HDFCSILVER,71.23,71.16,71.3,High
HDFCSML250,97.08,96.9,97.27,Low
HDFCVALUE,93.7,93.75,93.65,High
HEADSUP,13.98,14.03,13.94,High
HEALTHY,7.95,7.96,7.94,High
HECPROJECT,36.53,35.9,37.17,Low
HEG,1233.3,1237.7,1228.9,Low
HEIDELBERG,170.47,170.6,170.33,Low
HEMIPROP,92.85,92.72,92.97,High
HERANBA,340.17,341.38,338.96,Low
HERCULES,256.38,256.7,256.07,Low
HERITGFOOD,196.0,195.2,196.8,Low
HEROMOTOCO,2708.08,2705.62,2710.54,Low
HESTERBIO,1734.02,1731.12,1736.91,Low
HEUBACHIND,318.63,318.7,318.57,High
HEXATRADEX,146.32,146.22,146.41,High
HFCL,64.95,65.0,64.9,High
HGINFRA,922.08,923.23,920.94,Low
HGS,1152.77,1147.05,1158.48,Low
HIKAL,299.42,299.33,299.51,High
HIL,2671.5,2671.9,2671.1,Low
HILTON,145.53,144.4,146.67,Low
HIMATSEIDE,89.38,90.05,88.72,Low
HINDALCO,405.18,404.4,405.97,Low
HINDCOMPOS,300.25,300.38,300.12,Low
HINDCON,88.45,88.68,88.22,Low
HINDCOPPER,101.6,101.6,101.6,High
HINDMOTORS,13.67,13.7,13.63,High
HINDOILEXP,173.3,171.35,175.25,Low
HINDPETRO,255.02,254.35,255.68,Low
HINDUNILVR,2630.37,2624.82,2635.91,Low
HINDWAREAP,414.33,414.15,414.52,Low
HINDZINC,309.37,309.88,308.86,Low
HIRECT,216.17,215.3,217.03,Low
HISARMETAL,139.5,139.82,139.18,Low
HITECH,73.53,73.65,73.42,High
HITECHCORP,182.87,183.22,182.51,Low
HITECHGEAR,259.57,260.68,258.46,Low
HLEGLAS,619.27,619.67,618.86,Low
HLVLTD,11.08,11.12,11.04,High
HMT,25.0,24.95,25.05,High
HMVL,55.5,55.83,55.17,Low
HNDFDS,610.33,613.4,607.27,Low
HNGSNGBEES,276.74,276.99,276.5,Low
HOMEFIRST,698.57,697.73,699.41,Low
HOMESFY,505.33,506.5,504.17,Low
HONAUT,39192.78,39250.8,39134.77,Low
HONDAPOWER,2340.77,2335.35,2346.18,Low
HOVS,44.1,44.28,43.92,Low
HPAL,410.02,411.1,408.93,Low
HPIL,90.35,90.53,90.18,Low
HPL,93.83,93.75,93.92,High
HSCL,119.82,118.9,120.73,Low
HTMEDIA,17.8,17.77,17.83,High
HUBTOWN,45.83,46.1,45.57,Low
HUDCO,57.02,57.1,56.93,High
HUDCO,1079.1,1079.11,1079.1,High
HUDCO,1142.67,1144.0,1141.33,Low
HUDCO,1156.37,1155.55,1157.18,Low
HUDCO,1204.33,1204.5,1204.17,Low
HUHTAMAKI,263.22,262.82,263.61,Low
HYBRIDFIN,10.85,11.0,10.7,Low
IBMFNIFTY,190.93,190.68,191.18,Low
IBREALEST,54.78,54.73,54.84,High
IBUCCREDIT,1035.0,1035.0,1035.0,High
IBUCCREDIT,999.0,999.0,999.0,High
IBUCCREDIT,1014.0,1014.0,1014.0,High
IBUCCREDIT,990.0,990.0,990.0,High
IBUCCREDIT,976.87,975.4,978.33,Low
IBUCCREDIT,839.08,833.12,845.04,Low
IBULHSGFIN,1000.0,1000.0,1000.0,High
IBULHSGFIN,111.95,111.95,111.95,High
IBULHSGFIN,955.0,955.0,955.0,High
IBULHSGFIN,960.0,960.0,960.0,High
IBULHSGFIN,953.97,957.5,950.45,Low
IBULHSGFIN,970.0,970.0,970.0,High
IBULHSGFIN,920.0,920.0,920.0,High
IBULHSGFIN,953.0,953.0,953.0,High
ICDSLTD,27.25,27.2,27.3,High
ICEMAKE,334.38,334.77,333.99,Low
ICICI10GS,216.48,216.4,216.57,High
ICICI500,25.8,25.84,25.76,High
ICICI5GSEC,52.77,52.66,52.87,High
ICICIALPLV,181.02,181.02,181.02,High
ICICIAUTO,139.86,139.69,140.02,Low
ICICIB22,62.25,62.27,62.23,High
ICICIBANK,950.63,948.8,952.47,Low
ICICIBANKN,44.38,44.49,44.27,High
ICICIBANKP,221.25,221.1,221.41,Low
ICICICOMMO,57.31,57.2,57.43,High
ICICICONSU,77.7,77.53,77.88,Low
ICICIFIN,17.26,17.25,17.26,High
ICICIFMCG,501.96,501.08,502.84,Low
ICICIGI,1083.7,1087.22,1080.18,Low
ICICIGOLD,52.93,52.93,52.94,High
ICICIINFRA,54.39,54.33,54.45,High
ICICILIQ,1000.67,1000.99,1000.36,Low
ICICILOVOL,145.37,144.94,145.81,Low
ICICIM150,124.23,124.2,124.25,High
ICICIMCAP,101.41,101.23,101.59,Low
ICICIMOM30,19.87,19.8,19.94,High
ICICINF100,197.14,197.22,197.06,High
ICICINIFTY,196.4,195.28,197.52,Low
ICICINV20,101.37,100.9,101.84,Low
ICICINXT50,41.55,41.41,41.68,Low
ICICIPHARM,79.59,79.66,79.51,High
ICICIPRULI,425.13,424.77,425.49,Low
ICICISENSX,680.93,680.4,681.45,Low
ICICISILVE,73.67,73.58,73.75,High
ICICITECH,29.4,29.36,29.45,High
ICIL,162.42,163.45,161.38,Low
ICRA,4762.55,4765.0,4760.1,Low
IDBI,55.18,55.3,55.07,High
IDBIGOLD,5511.85,5511.48,5512.23,Low
IDEA,7.02,7.0,7.03,High
IDFC,90.55,90.55,90.55,High
IDFCFIRSTB,66.53,66.4,66.67,Low
IDFNIFTYET,193.1,193.26,192.94,Low
IEL,7.88,7.9,7.87,High
IEX,158.88,158.85,158.92,High
IFBAGRO,484.68,484.88,484.49,Low
IFBIND,818.45,819.97,816.92,Low
IFCI,11.43,11.4,11.47,High
IFCI,1052.67,1052.75,1052.58,High
IFCI,1030.57,1030.42,1030.71,Low
IFGLEXPOR,271.98,271.18,272.79,Low
IGARASHI,422.45,423.23,421.67,Low
IGL,473.22,474.0,472.43,Low
IGPL,476.42,473.12,479.71,Low
IIFL,453.9,453.68,454.13,Low
IIFL,1045.99,1044.99,1046.99,Low
IIFL,1001.67,1001.5,1001.83,Low
IIFL,1376.67,1375.0,1378.33,Low
IIFL,1009.96,1009.94,1009.98,High
IIFL,993.96,993.45,994.48,Low
IIFL,1111.0,1111.0,1111.0,High
IIFL,1044.67,1045.5,1043.85,Low
IIFL,1106.67,1095.0,1118.33,Low
IIFL,969.43,968.67,970.18,Low
IIFL,1036.0,1035.0,1037.01,Low
IIFL,984.33,984.0,984.67,Low
IIFL,967.7,968.75,966.65,Low
IIFLSEC,57.48,57.42,57.54,High
IIHFL,1060.0,1060.0,1060.0,High
IIHFL,998.99,998.74,999.23,Low
IIHFL,999.99,999.99,999.99,High
IIHFL,1051.82,1051.22,1052.41,Low
IIHFL,954.67,953.5,955.83,Low
IIHFL,929.27,923.0,935.53,Low
IIHFL,960.0,960.0,960.0,High
IITL,87.8,88.12,87.47,Low
IL&FSENGG,12.25,12.28,12.22,High
IL&FSTRANS,3.42,3.4,3.43,High
IMAGICAA,42.55,42.42,42.67,Low
IMC1,253.1,253.09,253.1,High
IMC1,255.0,255.0,255.0,High
IMC1,254.57,254.57,254.56,High
IMFA,280.92,281.82,280.01,Low
IMPAL,747.17,743.77,750.56,Low
IMPEXFERRO,3.58,3.6,3.57,High
INCREDFIN,990.0,990.0,990.0,High
INCREDIBLE,20.52,20.67,20.36,Low
INDBANK,25.87,25.9,25.83,High
INDHOTEL,371.93,371.73,372.14,Low
INDIACEM,190.4,189.65,191.15,Low
INDIAGLYCO,627.53,624.38,630.69,Low
INDIAMART,5611.98,5623.73,5600.24,Low
INDIANB,285.28,284.82,285.74,Low
INDIANCARD,238.57,239.0,238.13,Low
INDIANHUME,138.82,138.5,139.13,Low
INDIGO,2266.58,2266.47,2266.69,High
INDIGOPNTS,1397.9,1395.03,1400.78,Low
INDIGRID,137.74,137.75,137.72,High
INDIGRID,1009.01,1009.16,1008.85,Low
INDIGRID,990.33,990.5,990.17,Low
INDNIPPON,395.47,396.45,394.48,Low
INDOAMIN,111.42,111.7,111.13,Low
INDOBORAX,123.13,123.12,123.14,High
INDOCO,348.93,347.85,350.02,Low
INDORAMA,43.07,43.02,43.11,High
INDOSTAR,136.25,136.0,136.5,Low
INDOTECH,200.07,200.82,199.31,Low
INDOTHAI,266.45,266.68,266.22,Low
INDOWIND,10.95,11.0,10.9,High
INDRAMEDCO,82.67,82.9,82.43,Low
INDSWFTLAB,68.52,67.92,69.11,Low
INDSWFTLTD,8.47,8.5,8.43,High
INDTERRAIN,56.07,56.9,55.23,Low
INDUSINDBK,1240.2,1236.3,1244.1,Low
INDUSTOWER,145.97,146.5,145.43,Low
INFIBEAM,14.3,14.25,14.35,High
INFINIUM,281.7,281.7,281.7,High
INFOBEAN,462.45,462.77,462.12,Low
INFOMEDIA,4.65,4.65,4.65,High
INFRABEES,556.78,557.63,555.92,Low
INFY,1265.0,1263.05,1266.95,Low
INGERRAND,2490.58,2495.03,2486.14,Low
INNOVANA,302.0,302.0,302.0,High
INNOVATIVE,2.4,2.38,2.42,High
INOXGREEN,48.03,48.3,47.77,Low
INOXWIND,114.58,115.05,114.12,Low
INSECTICID,455.78,455.98,455.59,Low
INSPIRISYS,55.67,55.15,56.18,Low
INTELLECT,547.02,547.17,546.86,Low
INTENTECH,65.07,64.92,65.21,Low
INTLCONV,54.02,54.08,53.96,High
INVENTURE,1.87,1.88,1.86,High
IOB,24.35,24.38,24.32,High
IOC,85.7,85.53,85.88,Low
IOLCP,436.72,434.5,438.93,Low
IONEXCHANG,3886.75,3875.47,3898.03,Low
IPCALAB,675.5,675.75,675.25,Low
IPL,219.57,219.85,219.28,Low
IRB,29.02,29.1,28.93,High
IRBINVIT,70.74,70.69,70.79,High
IRCON,78.9,79.2,78.6,Low
IRCTC,610.48,610.55,610.42,High
IREDA,1185.0,1185.0,1185.0,High
IREDA,1306.67,1305.0,1308.33,Low
IRFC,33.6,33.65,33.55,High
IRFC,1142.33,1142.5,1142.17,Low
IRFC,1108.0,1108.0,1108.0,High
IRFC,1026.5,1026.25,1026.75,Low
IRFC,1177.0,1177.0,1177.0,High
IRFC,1025.0,1025.01,1025.0,High
IRFC,1198.66,1198.99,1198.33,Low
IRFC,1077.13,1075.74,1078.51,Low
IRFC,1158.07,1157.05,1159.09,Low
IRFC,1165.56,1165.56,1165.56,High
IRIS,81.03,81.5,80.57,Low
IRISDOREME,378.22,380.5,375.93,Low
ISEC,493.18,493.5,492.87,Low
ISFT,136.45,137.68,135.23,Low
ISGEC,481.25,482.32,480.18,Low
ISHAN,25.67,25.62,25.71,High
ISMTLTD,71.17,71.58,70.76,Low
ITBEES,29.42,29.37,29.48,High
ITC,418.1,417.23,418.98,Low
ITDC,326.78,327.85,325.72,Low
ITDCEM,148.52,148.23,148.81,Low
ITI,104.45,104.38,104.53,High
IVC,6.13,6.15,6.12,High
IVP,177.97,179.65,176.28,Low
IVZINGOLD,5374.03,5371.55,5376.52,Low
IWEL,1330.4,1325.5,1335.3,Low
IZMO,150.43,149.98,150.89,Low
J&KBANK,54.12,54.02,54.21,High
JAGRAN,68.25,68.47,68.03,Low
JAGSNPHARM,348.73,349.52,347.94,Low
JAIBALAJI,79.03,78.75,79.32,Low
JAICORPLTD,167.4,167.1,167.7,Low
JAIPURKURT,86.35,86.1,86.6,Low
JAKHARIA,40.5,40.5,40.5,High
JALAN,8.35,8.35,8.35,High
JAMNAAUTO,100.83,100.92,100.74,High
JASH,1012.45,1017.5,1007.4,Low
JAYAGROGN,177.7,178.4,177.0,Low
JAYBARMARU,181.25,181.3,181.2,High
JAYNECOIND,23.22,23.18,23.26,High
JAYSREETEA,88.75,88.9,88.6,Low
JBCHEPHARM,1996.22,1999.65,1992.78,Low
JBMA,758.72,757.65,759.78,Low
JCHAC,1091.95,1094.7,1089.2,Low
JETAIRWAYS,56.67,56.73,56.61,High
JETFREIGHT,10.92,10.93,10.91,High
JFLLIFE,42.52,42.52,42.51,High
JHS,18.02,18.1,17.93,High
JINDALPHOT,351.83,350.02,353.64,Low
JINDALPOLY,705.57,707.5,703.63,Low
JINDALSAW,187.9,188.4,187.4,Low
JINDALSTEL,521.5,521.05,521.95,Low
JINDRILL,286.15,286.25,286.05,High
JINDWORLD,363.73,363.12,364.34,Low
JISLDVREQS,19.17,19.25,19.08,High
JISLJALEQS,37.87,37.85,37.88,High
JITFINFRA,146.45,146.03,146.88,Low
JKCEMENT,3000.3,2988.9,3011.7,Low
JKIL,269.5,270.1,268.9,Low
JKLAKSHMI,787.5,790.58,784.42,Low
JKPAPER,358.27,359.23,357.31,Low
JKTYRE,177.75,179.6,175.9,Low
JMA,67.38,67.42,67.34,High
JMFINANCIL,66.92,66.35,67.48,Low
JOCIL,185.47,185.82,185.11,Low
JPASSOCIAT,6.98,6.97,6.99,High
JPOLYINVST,553.98,549.4,558.57,Low
JPPOWER,5.7,5.7,5.7,High
JSL,287.35,288.52,286.17,Low
JSLL,331.55,331.25,331.85,Low
JSWENERGY,244.37,244.65,244.08,Low
JSWHL,4158.58,4153.12,4164.04,Low
JSWISPL,31.08,31.0,31.17,High
JSWSTEEL,690.5,688.83,692.17,Low
JTEKTINDIA,124.43,124.0,124.87,Low
JTLIND,312.87,312.45,313.28,Low
JUBLFOOD,469.5,469.9,469.1,Low
JUBLINDS,477.92,480.55,475.28,Low
JUBLINGREA,388.57,388.6,388.53,High
JUBLPHARMA,343.52,342.1,344.93,Low
JUNIORBEES,424.27,422.02,426.51,Low
JUSTDIAL,696.45,697.15,695.75,Low
JWL,114.23,113.9,114.57,Low
JYOTHYLAB,210.1,210.35,209.85,Low
JYOTISTRUC,6.32,6.3,6.33,High
KABRAEXTRU,487.43,487.95,486.92,Low
KAJARIACER,1183.37,1178.97,1187.76,Low
KAKATCEM,205.9,205.72,206.08,Low
KALPATPOWR,520.72,520.62,520.81,High
KALYANIFRG,261.42,261.5,261.33,High
KALYANKJIL,105.37,105.65,105.08,Low
KAMATHOTEL,181.77,182.4,181.13,Low
KAMDHENU,325.02,326.0,324.03,Low
KAMOPAINTS,237.42,237.72,237.11,Low
KANANIIND,8.53,8.57,8.49,High
KANDARP,19.55,19.5,19.6,High
KANORICHEM,114.9,114.8,115.0,High
KANPRPLA,88.1,88.05,88.15,High
KANSAINER,410.92,412.18,409.66,Low
KAPSTON,129.38,129.5,129.27,High
KARMAENG,32.83,33.08,32.59,Low
KARURVYSYA,105.0,105.0,105.0,High
KAUSHALYA,4.02,3.98,4.06,High
KAYA,337.5,338.4,336.6,Low
KAYNES,1177.93,1173.5,1182.37,Low
KBCGLOBAL,2.78,2.75,2.82,High
KCK,24.0,24.0,24.0,High
KCP,104.73,104.67,104.79,High
KCPSUGIND,24.88,24.8,24.97,High
KDDL,1080.2,1091.0,1069.4,Low
KEC,523.15,514.88,531.42,Low
KECL,112.6,113.15,112.05,Low
KEEPLEARN,3.88,3.9,3.87,High
KEI,1996.67,1982.53,2010.81,Low
KELLTONTEC,59.48,59.5,59.47,High
KENNAMET,2282.12,2280.43,2283.81,Low
KERNEX,265.53,265.73,265.34,Low
KESORAMIND,63.75,63.8,63.7,High
KEYFINSERV,95.6,95.4,95.8,Low
KFINTECH,340.9,340.58,341.23,Low
KHADIM,222.73,222.72,222.74,High
KHAICHEM,73.1,72.95,73.25,Low
KHAITANLTD,44.92,44.42,45.41,Low
KHANDSE,38.75,39.25,38.25,Low
KHFM,48.95,48.85,49.05,High
KICL,1786.13,1785.5,1786.77,Low
KILITCH,219.5,219.88,219.12,Low
KIMS,1538.67,1539.4,1537.93,Low
KINGFA,1773.87,1765.5,1782.23,Low
KIOCL,187.22,187.62,186.81,Low
KIRIINDUS,290.97,291.3,290.63,Low
KIRLFER,436.18,437.57,434.79,Low
KIRLOSBROS,566.08,567.17,564.99,Low
KIRLOSENG,415.78,416.85,414.72,Low
KIRLOSIND,2566.2,2568.47,2563.93,Low
KIRLPNU,579.55,578.45,580.65,Low
KITEX,158.78,158.8,158.77,High
KKCL,497.57,496.25,498.88,Low
KMSUGAR,27.57,27.48,27.66,High
KNAGRI,115.0,115.0,115.0,High
KNRCON,240.87,241.0,240.73,Low
KOHINOOR,39.32,39.25,39.38,High
KOKUYOCMLN,95.27,94.53,96.01,Low
KOLTEPATIL,281.27,279.9,282.63,Low
KOPRAN,147.0,146.55,147.45,Low
KORE,220.0,220.0,220.0,High
KOTAKALPHA,27.26,27.23,27.28,High
KOTAKBANK,1937.33,1935.17,1939.49,Low
KOTAKBKETF,444.93,444.31,445.54,Low
KOTAKCONS,76.56,76.62,76.49,High
KOTAKGOLD,51.65,51.64,51.65,High
KOTAKIT,29.2,29.16,29.25,High
KOTAKLOVOL,13.75,13.73,13.77,High
KOTAKMID50,93.49,93.25,93.72,Low
KOTAKMNC,20.72,20.62,20.81,High
KOTAKNIFTY,194.15,193.99,194.32,Low
KOTAKNV20,104.16,103.98,104.34,Low
KOTAKPSUBK,392.16,392.25,392.08,High
KOTAKSILVE,72.07,71.91,72.24,Low
KOTARISUG,37.73,37.73,37.74,High
KOTHARIPET,63.47,63.5,63.43,High
KOTHARIPRO,114.75,114.53,114.97,Low
KOTYARK,476.48,476.75,476.22,Low
KOVAI,1985.58,1986.88,1984.29,Low
KPIGREEN,529.75,527.98,531.52,Low
KPITTECH,941.58,940.5,942.67,Low
KPRMILL,572.98,572.77,573.19,Low
KRBL,410.18,409.08,411.29,Low
KREBSBIO,64.98,65.05,64.92,High
KRIDHANINF,2.33,2.35,2.32,High
KRISHANA,455.6,458.0,453.2,Low
KRISHIVAL,271.0,271.0,271.0,High
KRISHNADEF,177.95,178.43,177.48,Low
KRITI,105.38,105.85,104.92,Low
KRITIKA,15.0,14.97,15.03,High
KRITINUT,47.0,47.2,46.8,Low
KRSNAA,550.48,546.83,554.14,Low
KSB,2142.15,2142.45,2141.85,Low
KSCL,516.05,517.45,514.65,Low
KSHITIJPOL,11.3,11.3,11.3,High
KSL,325.0,325.43,324.57,Low
KSOLVES,888.52,875.35,901.68,Low
KTKBANK,136.22,136.65,135.78,Low
KUANTUM,171.1,171.38,170.82,Low
L&TFH,99.07,98.78,99.36,Low
L&TFINANCE,1010.0,1010.0,1010.0,High
L&TFINANCE,1084.04,1084.62,1083.45,Low
L&TFINANCE,1043.17,1042.75,1043.58,Low
L&TFINANCE,1015.0,1015.0,1015.0,High
L&TFINANCE,1065.0,1065.0,1065.0,High
LAGNAM,48.93,49.05,48.82,High
LAL,185.78,187.0,184.57,Low
LALPATHLAB,1953.58,1960.3,1946.87,Low
LAMBODHARA,209.78,210.22,209.34,Low
LANDMARK,668.42,668.08,668.76,Low
LAOPALA,385.53,384.85,386.22,Low
LASA,23.83,23.92,23.74,High
LATENTVIEW,325.95,325.65,326.25,Low
LATTEYS,37.15,37.15,37.15,High
LAURUSLABS,311.08,310.43,311.74,Low
LAXMICOT,21.02,21.15,20.88,Low
LAXMIMACH,11246.12,11251.83,11240.41,Low
LCCINFOTEC,1.72,1.73,1.71,High
LEMERITE,53.33,53.5,53.17,Low
LEMONTREE,95.18,95.35,95.02,Low
LEXUS,70.15,70.43,69.88,Low
LFIC,120.87,121.42,120.31,Low
LGBBROSLTD,791.1,790.98,791.23,Low
LGBFORGE,8.2,8.22,8.18,High
LIBAS,12.1,12.15,12.05,High
LIBERTSHOE,243.87,244.6,243.13,Low
LICHSGFIN,370.62,369.52,371.71,Low
LICI,565.72,566.08,565.36,Low
LICNETFGSC,23.65,23.64,23.65,High
LICNETFN50,195.4,195.3,195.5,High
LICNETFSEN,672.06,670.66,673.45,Low
LICNFNHGP,191.36,190.92,191.81,Low
LIKHITHA,272.97,274.4,271.53,Low
LINC,714.47,709.85,719.08,Low
LINCOLN,440.9,440.73,441.08,Low
LINDEINDIA,3934.55,3937.47,3931.62,Low
LIQUIDBEES,1000.13,1000.19,1000.07,High
LIQUIDETF,1000.0,1000.0,1000.0,High
LLOYDS,41.05,41.05,41.05,High
LODHA,971.27,974.23,968.31,Low
LOKESHMACH,153.95,155.0,152.9,Low
LOTUSEYE,74.45,74.78,74.12,Low
LOVABLE,106.75,106.9,106.6,Low
LOYALTEX,659.25,664.48,654.02,Low
LPDC,5.78,5.75,5.82,High
LRRPL,64.12,64.42,63.81,Low
LSIL,24.45,24.48,24.42,High
LT,2185.87,2183.78,2187.96,Low
LTGILTBEES,24.17,24.17,24.18,High
LTIM,4792.13,4786.7,4797.57,Low
LTTS,3852.1,3859.47,3844.72,Low
LUMAXIND,2028.7,2029.38,2028.03,Low
LUMAXTECH,319.47,318.75,320.18,Low
LUPIN,776.53,777.6,775.47,Low
LUXIND,1444.3,1443.32,1445.28,Low
LXCHEM,247.53,246.78,248.29,Low
LYKALABS,97.65,97.72,97.57,High
LYPSAGEMS,4.32,4.3,4.33,High
M&M,1253.43,1249.95,1256.92,Low
M&MFIN,282.12,282.27,281.96,Low
M&MFIN,1102.85,1103.78,1101.93,Low
MAANALU,185.35,185.57,185.12,Low
MACPOWER,329.7,331.02,328.38,Low
MADHAV,41.37,41.42,41.31,High
MADHAVBAUG,242.22,242.9,241.53,Low
MADHUCON,4.45,4.47,4.43,High
MADRASFERT,67.98,68.15,67.82,Low
MAESGETF,29.39,29.37,29.4,High
MAFANG,55.61,55.62,55.59,High
MAFSETF,19.66,19.68,19.65,High
MAGADSUGAR,370.32,368.32,372.31,Low
MAGNUM,37.05,37.25,36.85,Low
MAGOLDETF,59.63,59.65,59.62,High
MAGS813ETF,24.5,24.5,24.5,High
MAHABANK,30.95,30.85,31.05,High
MAHAPEXLTD,106.92,108.0,105.83,Low
MAHASTEEL,63.75,64.05,63.45,Low
MAHEPC,96.1,96.03,96.18,High
MAHESHWARI,85.58,85.5,85.67,High
MAHICKRA,88.67,88.75,88.58,High
MAHINDCIE,452.22,451.0,453.43,Low
MAHKTECH,13.72,13.72,13.73,High
MAHLIFE,399.9,399.6,400.2,Low
MAHLOG,357.73,358.17,357.29,Low
MAHSCOOTER,4874.85,4862.33,4887.38,Low
MAHSEAMLES,437.27,436.48,438.06,Low
MAITHANALL,925.83,927.0,924.67,Low
MAKS,29.0,29.0,29.0,High
MALLCOM,917.3,922.5,912.1,Low
MALUPAPER,33.33,33.52,33.14,Low
MAM150ETF,12.35,12.4,12.31,High
MAMFGETF,84.8,84.8,84.81,High
MAN50ETF,190.32,190.29,190.36,High
MANAKALUCO,20.87,20.85,20.88,High
MANAKCOAT,15.68,15.68,15.69,High
MANAKSIA,137.07,136.97,137.16,High
MANAKSTEEL,37.27,37.38,37.16,High
MANALIPETC,72.37,72.5,72.23,Low
MANAPPURAM,110.52,110.62,110.41,High
MANGALAM,108.6,109.05,108.15,Low
MANGCHEFER,99.28,98.95,99.62,Low
MANGLMCEM,278.18,277.15,279.22,Low
MANINDS,117.78,117.25,118.32,Low
MANINFRA,93.83,94.15,93.52,Low
MANKIND,1339.18,1343.38,1334.99,Low
MANOMAY,136.33,137.0,135.67,Low
MANORAMA,1375.67,1381.9,1369.43,Low
MANORG,469.1,469.15,469.05,High
MANUGRAPH,17.4,17.32,17.48,High
MANXT50,407.81,407.64,407.97,Low
MANYAVAR,1226.08,1224.0,1228.17,Low
MAPMYINDIA,1077.28,1079.78,1074.79,Low
MARALOVER,53.85,54.0,53.7,Low
MARATHON,303.03,302.98,303.09,High
MARICO,527.47,528.33,526.61,Low
MARINE,52.15,51.73,52.57,Low
MARKSANS,75.22,75.33,75.11,High
MARSHALL,59.13,58.35,59.92,Low
MARUTI,9061.57,9039.38,9083.76,Low
MASFIN,733.13,732.08,734.19,Low
MASPTOP50,30.13,30.02,30.24,High
MASTEK,1854.98,1838.35,1871.62,Low
MATRIMONY,557.67,556.85,558.48,Low
MAWANASUG,91.07,90.85,91.28,Low
MAXHEALTH,543.83,543.17,544.49,Low
MAXIND,94.0,94.28,93.72,Low
MAXVIL,202.52,203.47,201.56,Low
MAYURUNIQ,525.27,525.15,525.38,High
MAZDA,761.15,762.62,759.67,Low
MAZDOCK,775.87,778.0,773.73,Low
MBAPL,589.77,589.42,590.11,Low
MBLINFRA,18.05,18.02,18.08,High
MC1RG,17.15,17.03,17.28,High
MCDOWELL-N,806.42,801.1,811.73,Low
MCL,30.53,30.62,30.44,High
MCLEODRUSS,20.57,20.55,20.58,High
MCON,93.88,94.45,93.32,Low
MCX,1349.02,1347.83,1350.21,Low
MEDANTA,559.33,559.3,559.37,High
MEDICAMEQ,655.13,656.0,654.27,Low
MEDICO,83.47,83.75,83.18,Low
MEDPLUS,686.58,686.38,686.79,Low
MEGASOFT,34.08,34.1,34.07,High
MEGASTAR,279.63,280.0,279.27,Low
MELSTAR,2.08,2.08,2.09,High
MENONBE,129.37,129.35,129.38,High
MEP,12.68,12.6,12.77,High
METROBRAND,924.48,923.8,925.17,Low
METROPOLIS,1232.5,1236.5,1228.5,Low
MFL,938.82,938.25,939.38,Low
MFSL,670.4,669.4,671.4,Low
MGEL,21.6,21.75,21.45,Low
MGL,1034.1,1036.55,1031.65,Low
MHHL,59.72,59.58,59.86,Low
MHLXMIRU,253.62,254.47,252.76,Low
MHRIL,288.48,288.67,288.29,Low
MICEL,18.57,18.75,18.38,Low
MID150BEES,124.62,124.59,124.64,High
MIDHANI,230.02,230.0,230.03,High
MILTON,28.2,28.2,28.2,High
MINDACORP,279.25,278.2,280.3,Low
MINDSPACE,321.31,321.05,321.56,Low
MINDTECK,131.17,130.68,131.66,Low
MIRCELECTR,13.83,13.85,13.82,High
MIRZAINT,62.63,63.08,62.19,Low
MITCON,69.38,69.25,69.52,Low
MITTAL,13.12,13.02,13.21,High
MKPL,714.17,709.0,719.33,Low
MMFL,876.75,877.85,875.65,Low
MMP,183.52,183.28,183.76,Low
MMTC,29.8,29.83,29.77,High
MODIRUBBER,62.17,62.25,62.08,High
MODISONLTD,71.72,71.4,72.03,Low
MOGSEC,52.15,52.14,52.16,High
MOHEALTH,22.88,22.88,22.89,High
MOHITIND,15.72,15.75,15.68,High
MOIL,156.33,156.4,156.27,High
MOKSH,10.2,10.18,10.23,High
MOL,81.8,81.97,81.62,Low
MOLDTECH,317.68,316.65,318.72,Low
MOLDTKPAC,943.48,945.17,941.79,Low
MOLOWVOL,25.34,25.34,25.35,High
MOM100,34.47,34.52,34.43,High
MOM50,183.25,182.94,183.55,Low
MOMENTUM,19.56,19.63,19.48,High
MOMOMENTUM,39.97,40.06,39.87,High
MON100,110.81,110.58,111.05,Low
MONARCH,207.32,206.55,208.08,Low
MONQ50,52.79,52.74,52.85,High
MONTECARLO,698.88,700.42,697.34,Low
MOQUALITY,124.86,125.45,124.27,Low
MORARJEE,18.8,18.73,18.88,High
MOREPENLAB,25.97,26.0,25.93,High
MOS,107.53,107.72,107.34,Low
MOTHERSON,79.58,79.3,79.87,Low
MOTILALOFS,626.22,628.35,624.08,Low
MOTOGENFIN,28.03,28.15,27.92,High
MOVALUE,50.49,50.47,50.5,High
MOXSH,141.17,141.75,140.58,Low
MPHASIS,1894.27,1888.15,1900.38,Low
MPSLTD,1010.77,1015.0,1006.53,Low
MPTODAY,55.85,55.85,55.85,High
MRF,96405.87,96490.48,96321.26,Low
MRO-TEK,55.25,55.52,54.98,Low
MRPL,65.73,66.12,65.34,Low
MSPL,8.52,8.52,8.51,High
MSTCLTD,308.57,308.35,308.78,Low
MSUMI,55.4,55.62,55.17,Low
MTARTECH,1898.77,1905.42,1892.11,Low
MTEDUCARE,4.58,4.6,4.57,High
MTNL,19.33,19.35,19.32,High
MUKANDLTD,118.62,118.62,118.61,High
MUKTAARTS,53.42,53.6,53.23,Low
MUNJALAU,44.7,44.88,44.52,Low
MUNJALSHOW,98.6,98.7,98.5,High
MURUDCERA,37.95,38.03,37.88,High
MUTHOOTCAP,332.07,330.48,333.66,Low
MUTHOOTFIN,1038.13,1039.75,1036.52,Low
NABARD,1145.83,1145.25,1146.42,Low
NACLIND,83.72,83.72,83.71,High
NAGAFERT,11.08,11.05,11.12,High
NAGREEKCAP,23.78,23.77,23.79,High
NAGREEKEXP,36.2,36.05,36.35,Low
NAHARCAP,278.55,279.2,277.9,Low
NAHARINDUS,107.73,107.3,108.17,Low
NAHARPOLY,260.27,261.23,259.31,Low
NAHARSPING,264.82,265.43,264.21,Low
NAM-INDIA,235.6,235.25,235.95,Low
NARMADA,20.03,19.93,20.14,High
NATCOPHARM,619.28,620.0,618.57,Low
NATHBIOGEN,162.1,162.07,162.12,High
NATIONALUM,80.65,80.5,80.8,Low
NATNLSTEEL,3.98,4.0,3.97,High
NAUKRI,3806.38,3795.05,3817.72,Low
NAVA,253.55,253.62,253.47,High
NAVIFIN,994.34,994.05,994.64,Low
NAVINFLUOR,4571.77,4579.62,4563.91,Low
NAVKARCORP,56.52,56.3,56.73,Low
NAVNETEDUL,112.15,112.12,112.17,High
NAZARA,606.8,610.35,603.25,Low
NBCC,40.62,40.62,40.61,High
NBIFIN,1528.4,1520.0,1536.8,Low
NCC,113.05,112.42,113.67,Low
NCLIND,192.37,191.47,193.26,Low
NDGL,1818.8,1825.0,1812.6,Low
NDL,21.35,21.35,21.35,High
NDLVENTURE,120.68,121.07,120.29,Low
NDRAUTO,706.93,712.97,700.89,Low
NDTV,176.17,175.22,177.11,Low
NECCLTD,21.48,21.52,21.44,High
NECLIFE,16.82,16.82,16.81,High
NELCAST,95.17,94.78,95.56,Low
NELCO,595.02,593.4,596.63,Low
NEOGEN,1558.32,1552.12,1564.51,Low
NESCO,617.13,616.28,617.99,Low
NESTLEIND,21665.42,21653.05,21677.78,Low
NETF,190.11,189.11,191.12,Low
NETWORK18,58.43,58.4,58.47,High
NEULANDLAB,2837.88,2841.0,2834.77,Low
NEWGEN,609.77,605.95,613.58,Low
NEXTMEDIA,6.33,6.28,6.39,High
NFL,68.47,68.47,68.46,High
NGIL,58.37,58.45,58.28,High
NGLFINE,1546.85,1560.18,1533.53,Low
NH,770.47,769.12,771.81,Low
NHAI,1159.67,1161.45,1157.88,Low
NHAI,1039.0,1039.0,1039.0,High
NHAI,1045.27,1045.2,1045.33,High
NHAI,1197.25,1196.63,1197.88,Low
NHAI,1050.34,1050.5,1050.17,Low
NHAI,1163.0,1163.0,1163.0,High
NHAI,1175.16,1175.16,1175.16,High
NHBTF2014,6677.0,6670.5,6683.5,Low
NHBTF2023,5915.35,5918.95,5911.76,Low
NHIT,307.49,307.44,307.55,High
NHIT,308.62,308.52,308.71,High
NHIT,415.77,415.88,415.66,High
NHPC,43.95,43.88,44.02,High
NIACL,118.13,118.47,117.79,Low
NIBL,18.62,18.65,18.58,High
NIF100BEES,187.6,187.37,187.84,Low
NIFTYBEES,201.02,201.62,200.42,Low
NIFTYQLITY,14.95,14.95,14.95,High
NIITLTD,386.27,386.27,386.26,High
NILAINFRA,4.9,4.88,4.92,High
NILASPACES,2.75,2.75,2.75,High
NILKAMAL,2118.98,2111.05,2126.92,Low
NINSYS,412.62,411.98,413.26,Low
NIPPOBATRY,391.07,391.95,390.18,Low
NIRAJ,28.25,28.32,28.18,High
NIRMAN,87.45,87.72,87.18,Low
NITCO,17.8,17.77,17.83,High
NITINSPIN,267.85,268.48,267.23,Low
NITIRAJ,75.23,74.7,75.77,Low
NKIND,43.28,43.58,42.99,Low
NLCINDIA,85.65,85.72,85.57,High
NMDC,105.07,104.78,105.36,Low
NOCIL,223.4,223.68,223.12,Low
NOIDATOLL,6.95,6.97,6.93,High
NORBTEAEXP,7.97,7.95,7.98,High
NOVARTIND,725.27,726.0,724.53,Low
NPBET,226.38,226.0,226.77,Low
NPST,687.67,688.0,687.33,Low
NRAIL,256.38,256.45,256.32,High
NRBBEARING,153.65,153.98,153.32,Low
NRL,116.5,116.95,116.05,Low
NSIL,2137.37,2149.55,2125.18,Low
NSLNISP,37.1,37.12,37.08,High
NTPC,173.87,174.15,173.58,Low
NTPC,1230.0,1230.0,1230.0,High
NTPC,1046.0,1046.0,1046.0,High
NTPC,1173.25,1173.25,1173.25,High
NTPC,1323.67,1320.5,1326.83,Low
NTPC,10.31,10.31,10.31,High
NTPC,1148.71,1148.71,1148.71,High
NUCLEUS,621.1,618.9,623.3,Low
NURECA,327.5,327.5,327.5,High
NUVOCO,329.87,328.3,331.43,Low
NV20BEES,104.63,104.59,104.67,High
NXST,104.01,103.88,104.15,Low
NYKAA,126.98,126.32,127.64,Low
OAL,370.15,370.1,370.2,High
OBCL,55.58,55.42,55.74,Low
OBEROIRLTY,909.1,904.42,913.78,Low
OCCL,779.97,778.85,781.08,Low
OFSS,3545.37,3543.0,3547.73,Low
OIL,269.83,270.3,269.37,Low
OILCOUNTUB,14.88,14.95,14.82,High
OLECTRA,678.55,679.02,678.08,Low
OMAXAUTO,55.33,55.45,55.22,High
OMAXE,52.75,52.88,52.62,Low
OMFURN,43.27,44.0,42.53,Low
OMINFRAL,40.55,40.55,40.55,High
OMKARCHEM,7.17,7.15,7.18,High
ONELIFECAP,12.58,12.65,12.52,High
ONEPOINT,22.37,22.3,22.43,High
ONGC,165.22,165.38,165.06,Low
ONMOBILE,77.07,76.8,77.33,Low
ONWARDTEC,388.67,388.68,388.66,High
OPTIEMUS,176.83,177.75,175.92,Low
ORBTEXP,150.28,149.47,151.09,Low
ORCHPHARMA,425.33,426.0,424.67,Low
ORICONENT,20.17,20.23,20.11,High
ORIENTABRA,27.47,27.52,27.41,High
ORIENTALTL,7.38,7.43,7.34,High
ORIENTBELL,617.57,613.3,621.83,Low
ORIENTCEM,122.9,122.68,123.13,Low
ORIENTELEC,220.0,220.25,219.75,Low
ORIENTHOT,91.75,91.75,91.75,High
ORIENTLTD,59.98,60.08,59.89,High
ORIENTPPR,44.23,44.28,44.19,High
ORISSAMINE,2617.42,2620.5,2614.33,Low
ORTEL,1.12,1.1,1.13,High
ORTINLAB,19.63,19.62,19.64,High
OSIAHYPER,32.02,31.62,32.41,Low
OSWALAGRO,33.98,34.25,33.72,Low
OSWALGREEN,22.58,22.62,22.54,High
OSWALSEEDS,355.15,355.68,354.63,Low
PAGEIND,41778.5,41830.3,41726.7,Low
PAISALO,49.92,49.95,49.88,High
PALASHSECU,102.28,103.0,101.57,Low
PALREDTEC,143.37,143.62,143.11,Low
PANACEABIO,118.63,118.35,118.92,Low
PANACHE,59.75,59.95,59.55,Low
PANAMAPET,304.95,303.48,306.42,Low
PANSARI,87.92,87.28,88.56,Low
PAR,207.3,206.12,208.47,Low
PARACABLES,38.62,39.08,38.16,Low
PARADEEP,53.13,53.05,53.22,High
PARAGMILK,106.78,107.38,106.19,Low
PARAS,522.33,523.17,521.49,Low
PARASPETRO,0.88,0.88,0.89,High
PARIN,93.45,93.45,93.45,High
PARSVNATH,7.27,7.22,7.31,High
PARTYCRUS,51.88,51.92,51.84,High
PASUPTAC,30.03,30.0,30.07,High
PATANJALI,949.28,947.85,950.72,Low
PATELENG,27.47,27.55,27.38,High
PATINTLOG,14.95,15.05,14.85,High
PATTECH,75.67,75.5,75.83,Low
PAYTM,708.62,707.85,709.38,Low
PCBL,131.62,130.95,132.28,Low
PCHFL,1045.0,1045.0,1045.0,High
PCJEWELLER,24.27,24.38,24.16,High
PDMJEPAPER,43.78,43.78,43.79,High
PDSL,324.23,324.93,323.54,Low
PEARLPOLY,22.33,22.48,22.19,Low
PEL,743.5,744.7,742.3,Low
PENIND,71.52,71.38,71.66,Low
PENINLAND,18.35,18.43,18.27,High
PERFECT,21.65,21.65,21.65,High
PERSISTENT,4849.87,4830.7,4869.03,Low
PETRONET,225.28,225.7,224.87,Low
PFC,165.17,164.93,165.41,Low
PFC,1115.0,1114.99,1115.0,High
PFC,1151.0,1151.0,1151.0,High
PFC,1336.0,1336.0,1336.0,High
PFIZER,3814.52,3809.53,3819.51,Low
PFOCUS,79.4,79.53,79.28,Low
PFS,16.52,16.6,16.43,High
PGEL,1451.05,1451.0,1451.1,High
PGHH,13660.73,13695.8,13625.67,Low
PGHL,5017.33,5024.6,5010.07,Low
PGIL,494.33,494.95,493.72,Low
PGINVIT,124.84,124.77,124.91,High
PHANTOMFX,262.85,262.57,263.12,Low
PHARMABEES,12.33,12.35,12.3,High
PHOENIXLTD,1419.18,1421.35,1417.02,Low
PIDILITIND,2562.53,2560.5,2564.57,Low
PIGL,87.38,88.78,85.99,Low
PIIND,3282.9,3287.2,3278.6,Low
PILANIINVS,1795.95,1793.05,1798.85,Low
PILITA,8.6,8.6,8.6,High
PIONEEREMB,36.38,36.3,36.47,High
PITTIENG,351.9,352.75,351.05,Low
PIXTRANS,929.97,928.27,931.66,Low
PKTEA,254.0,255.5,252.5,Low
PLASTIBLEN,170.77,170.95,170.58,Low
PNB,49.07,48.98,49.16,High
PNBGILTS,58.97,58.97,58.96,High
PNBHOUSING,467.43,468.3,466.57,Low
PNC,38.05,38.17,37.92,Low
PNCINFRA,319.8,318.43,321.18,Low
POCL,356.13,358.73,353.54,Low
PODDARHOUS,102.97,103.03,102.91,High
PODDARMENT,307.1,307.23,306.98,Low
POKARNA,377.65,379.23,376.08,Low
POLICYBZR,632.53,633.95,631.12,Low
POLYCAB,3426.68,3419.53,3433.84,Low
POLYMED,974.55,975.85,973.25,Low
POLYPLEX,1589.57,1599.7,1579.43,Low
PONNIERODE,396.9,395.9,397.9,Low
POONAWALLA,334.82,334.95,334.68,Low
POWERGRID,234.4,234.75,234.05,Low
POWERINDIA,3989.43,3968.18,4010.69,Low
POWERMECH,3128.37,3124.18,3132.56,Low
PPAP,200.32,200.73,199.91,Low
PPL,169.33,169.38,169.29,High
PPLPHARMA,72.67,72.47,72.86,Low
PRAENG,11.92,11.95,11.88,High
PRAJIND,358.92,358.9,358.93,High
PRAKASH,58.67,58.58,58.76,High
PRAKASHSTL,4.35,4.35,4.35,High
PRAXIS,18.87,18.92,18.81,High
PRECAM,177.7,178.52,176.87,Low
PRECOT,179.58,179.43,179.74,Low
PRECWIRE,88.4,88.67,88.12,Low
PREMEXPLN,420.32,420.77,419.86,Low
PREMIERPOL,85.68,85.55,85.82,Low
PRESSMN,86.92,86.97,86.86,High
PRESTIGE,478.42,479.2,477.63,Low
PRICOLLTD,235.72,235.27,236.16,Low
PRIMESECU,111.32,111.67,110.96,Low
PRINCEPIPE,575.42,577.0,573.83,Low
PRITI,160.67,161.47,159.86,Low
PRITIKA,33.72,33.58,33.86,Low
PRITIKAUTO,17.22,17.27,17.16,High
PRIVISCL,1103.1,1104.28,1101.93,Low
PROLIFE,255.0,255.0,255.0,High
PROPEQUITY,154.35,154.05,154.65,Low
PROZONINTU,23.7,23.75,23.65,High
PRSMJOHNSN,116.27,116.0,116.53,Low
PRUDENT,862.88,866.2,859.57,Low
PSB,31.47,31.68,31.26,Low
PSPPROJECT,702.58,702.35,702.82,Low
PSUBANKICI,39.62,39.55,39.7,High
PSUBNKBEES,43.82,43.78,43.85,High
PTC,92.2,92.2,92.2,High
PTL,32.78,32.8,32.77,High
PULZ,57.0,57.0,57.0,High
PUNJABCHEM,767.95,766.0,769.9,Low
PURVA,81.67,81.72,81.61,High
PVP,12.18,12.3,12.07,High
PVRINOX,1374.18,1374.97,1373.39,Low
QFIL,129.15,129.5,128.8,Low
QGOLDHALF,51.13,51.1,51.15,High
QMSMEDI,139.67,140.53,138.81,Low
QNIFTY,1928.77,1926.16,1931.38,Low
QUESS,384.8,385.57,384.03,Low
QUICKHEAL,139.2,139.43,138.98,Low
QUICKTOUCH,173.72,176.65,170.78,Low
RACE,238.63,238.93,238.34,Low
RADHIKAJWE,179.88,179.6,180.17,Low
RADIANTCMS,94.87,94.88,94.86,High
RADICO,1146.62,1141.97,1151.26,Low
RADIOCITY,11.15,11.18,11.12,High
RADIOCITY,89.48,89.53,89.44,High
RAILTEL,118.08,117.97,118.19,High
RAIN,146.92,146.97,146.86,High
RAINBOW,891.33,889.0,893.67,Low
RAJESHEXPO,576.63,575.0,578.27,Low
RAJMET,9.75,9.82,9.68,High
RAJRATAN,763.42,764.92,761.91,Low
RAJRILTD,45.45,45.45,45.45,High
RAJSREESUG,38.22,38.28,38.16,High
RAJTV,46.28,46.52,46.04,Low
RALLIS,188.3,188.35,188.25,High
RAMANEWS,12.88,12.85,12.92,High
RAMAPHO,196.58,198.62,194.54,Low
RAMASTEEL,35.97,36.02,35.91,High
RAMCOCEM,830.63,824.0,837.27,Low
RAMCOIND,150.17,149.32,151.01,Low
RAMCOSYS,226.58,225.12,228.04,Low
RAMKY,388.82,387.5,390.13,Low
RAMRAT,200.35,199.95,200.75,Low
RANASUG,22.47,22.4,22.53,High
RANEENGINE,282.25,284.1,280.4,Low
RANEHOLDIN,946.2,944.52,947.87,Low
RATEGAIN,412.22,412.02,412.41,Low
RATNAMANI,2357.07,2358.88,2355.26,Low
RAYMOND,1544.95,1544.45,1545.45,Low
RBA,118.92,119.28,118.56,Low
RBL,727.6,728.45,726.75,Low
RBLBANK,142.45,141.68,143.23,Low
RBMINFRA,76.32,76.95,75.68,Low
RCF,104.15,104.22,104.07,High
RECLTD,129.25,128.98,129.53,Low
RECLTD,1171.08,1171.12,1171.04,High
RECLTD,1193.67,1194.0,1193.33,Low
RECLTD,1049.86,1053.13,1046.6,Low
RECLTD,1206.67,1205.0,1208.33,Low
REDINGTON,169.2,169.25,169.15,High
REFEX,422.78,420.85,424.72,Low
REGENCERAM,27.63,27.48,27.79,Low
RELAXO,868.35,868.92,867.78,Low
RELCAPITAL,8.67,8.68,8.66,High
RELCHEMQ,172.15,172.47,171.83,Low
RELIABLE,60.1,60.1,60.1,High
RELIANCE,2435.58,2432.4,2438.77,Low
RELIGARE,168.5,168.15,168.85,Low
RELINFRA,136.42,135.9,136.93,Low
REMSONSIND,257.2,263.12,251.27,Low
RENUKA,43.75,43.58,43.92,Low
REPCOHOME,208.25,208.0,208.5,Low
REPL,187.47,188.2,186.73,Low
REPRO,599.48,597.35,601.62,Low
RESPONIND,158.53,158.68,158.39,Low
REVATHI,1416.08,1409.6,1422.57,Low
RGL,87.27,87.32,87.21,High
RHFL,2.93,2.95,2.92,High
RHIM,667.73,666.65,668.82,Low
RHL,99.33,99.4,99.27,High
RICHA,99.3,99.3,99.3,High
RICOAUTO,81.15,81.45,80.85,Low
RIIL,894.87,893.45,896.28,Low
RITCO,179.67,180.0,179.33,Low
RITES,374.32,377.07,371.56,Low
RITEZONE,80.13,80.2,80.07,High
RKEC,66.35,66.18,66.53,Low
RKFORGE,365.0,363.25,366.75,Low
RMCL,2.4,2.4,2.4,High
RMDRIP,57.88,57.95,57.82,High
RML,561.6,560.9,562.3,Low
RNAVAL,2.12,2.12,2.11,High
ROHLTD,361.22,361.32,361.11,High
ROLEXRINGS,1918.15,1917.95,1918.35,Low
ROLLT,1.03,1.02,1.04,High
ROML,41.05,41.25,40.85,Low
ROSSARI,719.47,718.1,720.83,Low
ROSSELLIND,286.92,285.65,288.18,Low
ROTO,651.92,651.5,652.33,Low
ROUTE,1398.53,1398.7,1398.37,Low
RPGLIFE,769.43,767.25,771.62,Low
RPOWER,11.35,11.3,11.4,High
RPPINFRA,42.77,42.92,42.61,Low
RPPL,157.8,158.05,157.55,Low
RPSGVENT,452.78,459.02,446.54,Low
RSSOFTWARE,35.05,35.17,34.92,Low
RSWM,177.15,177.18,177.12,High
RSYSTEMS,249.38,250.2,248.57,Low
RTNINDIA,38.27,38.4,38.13,Low
RTNPOWER,3.1,3.1,3.1,High
RUBYMILLS,181.85,182.0,181.7,Low
RUCHINFRA,8.5,8.5,8.5,High
RUCHIRA,109.2,109.78,108.62,Low
RUPA,250.87,250.97,250.76,High
RUSHIL,276.97,278.02,275.91,Low
RUSTOMJEE,479.9,480.48,479.33,Low
RVHL,25.18,25.38,24.99,Low
RVNL,117.93,118.8,117.07,Low
SABEVENTS,4.0,4.0,4.0,High
SABTN,1.53,1.52,1.54,High
SADBHAV,10.43,10.53,10.34,High
SADBHIN,3.68,3.7,3.67,High
SADHNANIQ,132.65,132.97,132.33,Low
SAFARI,2507.43,2492.78,2522.09,Low
SAGARDEEP,21.27,21.15,21.38,High
SAGCEM,199.88,200.07,199.69,Low
SAH,84.53,84.72,84.34,Low
SAHYADRI,369.45,369.23,369.67,Low
SAIL,82.02,81.95,82.08,High
SAKAR,258.58,258.38,258.79,Low
SAKHTISUG,21.75,21.68,21.82,High
SAKSOFT,215.62,215.75,215.48,Low
SAKUMA,13.33,13.45,13.22,High
SALASAR,42.55,42.52,42.58,High
SALONA,253.87,252.0,255.73,Low
SALSTEEL,16.57,16.57,16.56,High
SALZERELEC,334.42,335.85,332.98,Low
SAMBHAAV,2.68,2.7,2.67,High
SANDESH,942.58,942.5,942.67,High
SANDHAR,230.3,231.82,228.77,Low
SANGAMIND,233.28,234.1,232.47,Low
SANGHIIND,69.25,69.6,68.9,Low
SANGHVIMOV,419.83,420.77,418.89,Low
SANGINITA,18.6,18.65,18.55,High
SANOFI,6338.45,6357.48,6319.42,Low
SANSERA,772.9,772.53,773.28,Low
SAPPHIRE,1307.28,1311.82,1302.74,Low
SARDAEN,1133.45,1131.53,1135.38,Low
SAREGAMA,321.05,322.75,319.35,Low
SARLAPOLY,38.47,38.47,38.46,High
SARVESHWAR,72.72,72.62,72.81,High
SASKEN,841.37,841.58,841.16,Low
SASTASUNDR,276.1,273.33,278.88,Low
SATIA,111.87,112.1,111.63,Low
SATIN,163.82,163.93,163.71,High
SATINDLTD,75.32,75.47,75.16,Low
SBC,22.28,22.2,22.37,High
SBCL,508.28,510.52,506.04,Low
SBGLP,208.9,209.03,208.78,Low
SBICARD,889.38,888.3,890.47,Low
SBIETFCON,77.34,77.31,77.37,High
SBIETFIT,294.35,294.07,294.62,Low
SBIETFPB,223.36,223.06,223.66,Low
SBIETFQLTY,156.57,156.45,156.7,High
SBILIFE,1151.47,1150.12,1152.81,Low
SBIN,577.1,578.08,576.12,Low
SCAPDVR,17.5,17.48,17.52,High
SCHAEFFLER,2824.85,2819.0,2830.7,Low
SCHAND,214.13,214.8,213.47,Low
SCHNEIDER,187.87,187.9,187.83,High
SCI,95.2,95.3,95.1,High
SCPL,498.57,497.65,499.48,Low
SDBL,188.05,187.15,188.95,Low
SDL24BEES,113.35,113.38,113.33,High
SDL26BEES,113.23,113.2,113.27,High
SEAMECLTD,710.03,709.77,710.29,Low
SECURCRED,24.87,24.88,24.86,High
SECURKLOUD,34.43,34.65,34.22,Low
SEJALLTD,243.93,243.45,244.42,Low
SELAN,274.38,274.9,273.87,Low
SELMC,130.45,130.45,130.45,High
SEPC,9.98,9.98,9.99,High
SEPOWER,13.25,13.22,13.28,High
SEQUENT,79.12,79.53,78.71,Low
SERVOTECH,88.9,88.9,88.9,High
SESHAPAPER,277.0,278.4,275.6,Low
SETCO,6.78,6.78,6.79,High
SETF10GILT,216.55,216.57,216.52,High
SETFGOLD,52.86,52.87,52.86,High
SETFNIF50,188.41,188.2,188.61,Low
SETFNIFBK,440.78,440.19,441.38,Low
SETFNN50,423.78,423.04,424.53,Low
SEYAIND,24.75,24.75,24.75,High
SFL,1048.37,1050.35,1046.38,Low
SGBAPR28I,5881.42,5871.62,5891.21,Low
SGBAUG24,6001.89,5997.0,6006.79,Low
SGBAUG27,5903.33,5892.49,5914.16,Low
SGBAUG28V,5878.69,5875.0,5882.37,Low
SGBAUG29V,5883.89,5867.49,5900.29,Low
SGBAUG30,6001.83,5995.0,6008.67,Low
SGBD29VIII,5829.79,5839.51,5820.07,Low
SGBDC27VII,5868.56,5875.98,5861.13,Low
SGBDE30III,6004.87,6008.0,6001.73,Low
SGBDEC2512,5959.95,5959.95,5959.95,High
SGBDEC25XI,6050.0,6050.0,6050.0,High
SGBDEC26,5969.0,5969.0,5969.0,High
SGBFEB24,6079.05,6073.5,6084.59,Low
SGBFEB27,5910.0,5910.0,5910.0,High
SGBFEB28IX,5850.0,5850.01,5850.0,High
SGBFEB29XI,5841.07,5839.49,5842.64,Low
SGBJ28VIII,5850.0,5850.0,5850.0,High
SGBJAN27,5854.17,5865.0,5843.33,Low
SGBJAN29IX,5820.83,5830.05,5811.62,Low
SGBJAN29X,5812.65,5822.5,5802.8,Low
SGBJAN30IX,5864.0,5870.5,5857.5,Low
SGBJU29III,5819.99,5829.0,5810.97,Low
SGBJUL25,6000.33,6002.49,5998.16,Low
SGBJUL27,5823.0,5821.01,5825.0,Low
SGBJUL28IV,5846.11,5852.0,5840.22,Low
SGBJUL29IV,5821.71,5835.0,5808.43,Low
SGBJUN27,5851.1,5863.0,5839.2,Low
SGBJUN28,5841.18,5845.5,5836.87,Low
SGBJUN29II,5844.61,5863.56,5825.66,Low
SGBJUN30,5870.0,5877.5,5862.5,Low
SGBMAR25,5936.27,5936.03,5936.5,Low
SGBMAR28X,5802.0,5803.0,5801.0,Low
SGBMAR30X,5865.78,5861.08,5870.49,Low
SGBMAR31IV,6059.2,6050.0,6068.39,Low
SGBMAY25,5930.6,5935.5,5925.71,Low
SGBMAY26,5948.0,5961.0,5935.0,Low
SGBMAY28,5794.55,5802.5,5786.59,Low
SGBMAY29I,5836.15,5844.56,5827.74,Low
SGBMR29XII,5825.31,5830.5,5820.12,Low
SGBN28VIII,5872.08,5870.0,5874.17,Low
SGBNOV23,6093.35,6090.02,6096.67,Low
SGBNOV24,5988.33,5992.0,5984.67,Low
SGBNOV258,5948.0,5948.0,5948.0,High
SGBNV29VII,5809.45,5824.0,5794.89,Low
SGBOC28VII,5821.9,5834.0,5809.81,Low
SGBOCT25IV,6000.0,6000.0,6000.0,High
SGBOCT25V,6000.0,6000.0,6000.0,High
SGBOCT26,5950.0,5950.0,5950.0,High
SGBOCT27,5836.8,5810.39,5863.22,Low
SGBOCT27VI,5844.03,5846.02,5842.04,Low
SGBSEP24,5957.64,5962.5,5952.77,Low
SGBSEP27,5838.0,5832.0,5844.0,Low
SGBSEP28VI,5886.0,5889.0,5883.0,Low
SGBSEP29VI,5792.29,5805.1,5779.48,Low
SGIL,142.77,143.0,142.53,Low
SGL,15.15,15.28,15.03,Low
SHAHALLOYS,49.65,49.7,49.6,High
SHAILY,1285.6,1297.12,1274.08,Low
SHAKTIPUMP,548.92,551.5,546.33,Low
SHALBY,139.15,139.68,138.62,Low
SHALPAINTS,150.87,150.85,150.88,High
SHANKARA,690.02,686.55,693.48,Low
SHANTI,21.08,20.7,21.47,Low
SHANTIGEAR,417.27,416.5,418.03,Low
SHARDACROP,499.7,499.52,499.88,Low
SHARDAMOTR,832.55,850.25,814.85,Low
SHAREINDIA,1226.2,1224.8,1227.6,Low
SHAREINDIA,738.5,734.25,742.75,Low
SHARIABEES,394.16,393.96,394.37,Low
SHEMAROO,136.62,136.88,136.36,Low
SHERA,111.4,111.75,111.05,Low
SHIGAN,85.3,85.47,85.12,Low
SHILPAMED,251.57,252.55,250.58,Low
SHIVALIK,684.67,687.3,682.03,Low
SHIVAMAUTO,25.5,25.58,25.42,High
SHIVAMILLS,78.47,78.45,78.48,High
SHIVATEX,118.18,117.92,118.44,Low
SHK,105.68,105.68,105.69,High
SHOPERSTOP,722.62,721.4,723.83,Low
SHRADHA,45.82,45.95,45.68,Low
SHREDIGCEM,80.42,79.75,81.08,Low
SHREECEM,24211.42,24112.8,24310.03,Low
SHREEPUSHK,181.98,181.4,182.57,Low
SHREERAMA,11.38,11.4,11.37,High
SHRENIK,1.08,1.08,1.09,High
SHREYANIND,210.87,210.05,211.68,Low
SHREYAS,263.62,265.43,261.81,Low
SHRIPISTON,1593.3,1587.0,1599.6,Low
SHRIRAMFIN,1343.07,1344.95,1341.18,Low
SHRIRAMFIN,1001.57,1001.55,1001.58,High
SHRIRAMFIN,1048.33,1048.0,1048.67,Low
SHRIRAMFIN,1109.37,1109.5,1109.24,Low
SHRIRAMFIN,1525.32,1525.0,1525.63,Low
SHRIRAMFIN,1035.0,1035.0,1035.0,High
SHRIRAMFIN,1084.83,1084.25,1085.42,Low
SHRIRAMFIN,1006.67,1005.5,1007.83,Low
SHRIRAMFIN,1021.67,1022.5,1020.83,Low
SHRIRAMFIN,1000.0,1000.0,1000.0,High
SHRIRAMFIN,1034.33,1036.51,1032.15,Low
SHRIRAMPPS,63.2,63.12,63.27,High
SHUBHLAXMI,106.43,106.05,106.82,Low
SHYAMCENT,18.32,18.4,18.23,High
SHYAMMETL,297.37,297.23,297.51,Low
SHYAMTEL,8.4,8.4,8.4,High
SIEMENS,3739.92,3748.53,3731.31,Low
SIGACHI,235.35,234.9,235.8,Low
SIGIND,38.28,38.33,38.24,High
SIGMA,257.27,254.2,260.33,Low
SIKKO,73.92,74.08,73.76,Low
SIL,30.4,30.57,30.23,Low
SILGO,18.37,18.23,18.51,Low
SILINV,312.97,313.6,312.33,Low
SILLYMONKS,17.4,17.33,17.48,High
SILVER,74.26,74.38,74.13,Low
SILVERBEES,71.14,71.11,71.18,High
SILVERETF,72.19,72.49,71.9,Low
SILVERTUC,346.55,349.05,344.05,Low
SIMBHALS,23.08,22.8,23.37,Low
SIMPLEXINF,34.43,34.42,34.44,High
SINTERCOM,101.53,101.78,101.29,Low
SIRCA,312.88,313.77,311.99,Low
SIS,386.93,386.05,387.82,Low
SITINET,0.87,0.88,0.86,High
SIYSIL,569.62,570.6,568.63,Low
SJS,479.45,479.33,479.58,Low
SJVN,35.73,35.77,35.69,High
SKFINDIA,4369.12,4372.5,4365.73,Low
SKIPPER,120.73,121.15,120.32,Low
SKMEGGPROD,162.03,161.95,162.12,High
SKP,181.0,180.0,182.0,Low
SKYGOLD,361.97,365.52,358.41,Low
SMARTLINK,155.0,155.75,154.25,Low
SMCGLOBAL,74.1,74.28,73.93,Low
SMLISUZU,995.83,995.38,996.29,Low
SMLT,183.22,183.18,183.26,High
SMSLIFE,563.42,563.55,563.28,Low
SMSPHARMA,86.93,87.33,86.54,Low
SNOWMAN,36.0,35.95,36.05,High
SOBHA,517.02,516.5,517.53,Low
SOFTTECH,150.32,151.0,149.63,Low
SOLARA,364.28,365.18,363.39,Low
SOLARINDS,3784.82,3777.0,3792.63,Low
SOLEX,428.43,425.82,431.04,Low
SOMANYCERA,605.03,603.7,606.37,Low
SOMATEX,27.37,27.27,27.46,High
SOMICONVEY,48.28,48.45,48.12,Low
SONACOMS,532.85,531.38,534.33,Low
SONAMCLOCK,57.57,57.35,57.78,Low
SONATSOFTW,922.92,922.67,923.16,Low
SOTAC,131.5,131.9,131.1,Low
SOTL,301.63,301.65,301.62,High
SOUTHBANK,16.75,16.8,16.7,High
SOUTHWEST,133.95,133.93,133.98,High
SPAL,382.55,379.65,385.45,Low
SPANDANA,652.27,650.45,654.08,Low
SPARC,194.48,194.53,194.44,High
SPCENET,15.48,15.57,15.39,High
SPECIALITY,240.68,240.65,240.72,High
SPECTRUM,486.67,492.48,480.86,Low
SPENCERS,62.07,62.08,62.06,High
SPIC,69.93,70.0,69.87,High
SPLIL,63.45,63.38,63.52,High
SPLPETRO,366.55,367.65,365.45,Low
SPMLINFRA,35.35,35.27,35.43,High
SPORTKING,694.43,695.15,693.72,Low
SREEL,187.53,187.88,187.19,Low
SREIBNPNCD,120.0,120.0,120.0,High
SRF,2425.55,2420.18,2430.93,Low
SRHHYPOLTD,468.22,470.0,466.43,Low
SRIRAM,9.9,9.9,9.9,High
SRIVASAVI,83.03,82.65,83.42,Low
SRPL,5.07,5.0,5.13,High
SSWL,152.65,152.7,152.6,High
STAR,367.48,367.3,367.67,Low
STARCEMENT,124.98,125.97,123.99,Low
STARHEALTH,587.93,588.67,587.19,Low
STARPAPER,174.65,174.93,174.38,Low
STARTECK,120.5,120.47,120.53,High
STCINDIA,73.95,73.97,73.93,High
STEELCAS,511.78,512.75,510.82,Low
STEELCITY,66.2,66.3,66.1,High
STEELXIND,16.4,16.42,16.38,High
STEL,145.93,145.97,145.89,High
STERTOOLS,350.97,351.12,350.81,Low
STLTECH,157.37,157.78,156.96,Low
STOVEKRAFT,466.57,463.35,469.78,Low
STYLAMIND,1592.18,1595.97,1588.39,Low
STYRENIX,852.18,847.75,856.62,Low
SUBEXLTD,27.35,27.4,27.3,High
SUBROS,320.57,320.75,320.38,Low
SUDARSCHEM,393.07,393.18,392.96,High
SUKHJITS,432.8,435.48,430.12,Low
SULA,415.57,417.25,413.88,Low
SUMICHEM,388.15,389.0,387.3,Low
SUMIT,35.68,35.65,35.72,High
SUMMITSEC,667.75,668.05,667.45,Low
SUNCLAYLTD,4100.53,4099.35,4101.72,Low
SUNDARAM,2.27,2.25,2.28,High
SUNDARMFIN,2450.32,2444.68,2455.96,Low
SUNDARMHLD,86.15,86.05,86.25,High
SUNDRMBRAK,341.35,340.93,341.77,Low
SUNDRMFAST,1075.15,1076.22,1074.07,Low
SUNFLAG,166.12,165.8,166.43,Low
SUNPHARMA,928.18,929.35,927.02,Low
SUNTECK,296.53,296.95,296.12,Low
SUNTV,427.5,428.3,426.7,Low
SUPERHOUSE,247.2,247.78,246.63,Low
SUPERSPIN,6.95,6.95,6.95,High
SUPRAJIT,395.28,395.0,395.57,Low
SUPREMEIND,2795.38,2793.68,2797.09,Low
SUPREMEINF,23.5,23.4,23.6,High
SUPRIYA,244.15,245.0,243.3,Low
SURANASOL,19.42,19.5,19.33,High
SURANAT&P,9.03,9.05,9.02,High
SURANI,239.9,238.8,241.0,Low
SURYALAXMI,62.82,63.08,62.56,Low
SURYAROSNI,808.45,808.95,807.95,Low
SURYODAY,130.57,129.75,131.38,Low
SUTLEJTEX,46.47,46.75,46.18,Low
SUULD,11.82,11.78,11.86,High
SUVEN,56.95,56.98,56.92,High
SUVENPHAR,474.15,474.05,474.25,High
SUVIDHAA,3.88,3.9,3.87,High
SUZLON,8.5,8.5,8.5,High
SVLL,179.17,178.8,179.53,Low
SVPGLOB,14.22,14.2,14.23,High
SWANENERGY,231.82,232.68,230.96,Low
SWARAJ,31.9,31.57,32.22,Low
SWARAJENG,1807.12,1807.18,1807.06,High
SWASTIK,79.1,79.03,79.18,High
SWELECTES,349.48,349.57,349.39,High
SWSOLAR,287.63,288.0,287.27,Low
SYMPHONY,878.83,881.55,876.12,Low
SYNCOMF,6.48,6.47,6.49,High
SYNGENE,699.2,698.3,700.1,Low
SYRMA,325.77,324.4,327.13,Low
SYSTANGO,180.42,182.1,178.73,Low
TAINWALCHM,109.72,109.58,109.86,Low
TAJGVK,239.77,241.12,238.41,Low
TAKE,17.57,17.62,17.51,High
TALBROAUTO,517.47,518.78,516.16,Low
TANLA,744.88,748.25,741.52,Low
TANTIACONS,9.93,9.9,9.97,High
TAPIFRUIT,240.47,240.25,240.68,Low
TARACHAND,89.27,88.45,90.08,Low
TARAPUR,5.67,5.68,5.66,High
TARC,53.2,53.25,53.15,High
TARMAT,79.62,79.85,79.38,Low
TARSONS,540.92,541.55,540.28,Low
TASTYBITE,10655.83,10602.2,10709.47,Low
TATACAPHSG,1017.45,1015.56,1019.33,Low
TATACAPHSG,1017.25,1018.5,1016.01,Low
TATACHEM,983.17,982.67,983.66,Low
TATACOFFEE,221.23,221.57,220.89,Low
TATACOMM,1229.77,1228.05,1231.48,Low
TATACONSUM,764.6,764.17,765.03,Low
TATAELXSI,6939.12,6895.0,6983.23,Low
TATAINVEST,2196.0,2192.0,2200.0,Low
TATAMETALI,750.33,750.42,750.24,High
TATAMOTORS,518.7,515.58,521.83,Low
TATAMTRDVR,270.87,269.23,272.51,Low
TATAPOWER,204.72,204.15,205.28,Low
TATASTEEL,104.8,104.88,104.72,High
TATASTLLP,632.85,634.15,631.55,Low
TATVA,1662.7,1664.0,1661.4,Low
TBZ,69.35,69.4,69.3,High
TCFSL,1055.97,1056.0,1055.94,High
TCFSL,1127.98,1127.45,1128.5,Low
TCFSL,1065.88,1065.88,1065.87,High
TCI,651.85,652.65,651.05,Low
TCIEXP,1477.67,1481.42,1473.91,Low
TCNSBRANDS,405.68,405.27,406.09,Low
TCPLPACK,1561.82,1554.5,1569.13,Low
TCS,3220.13,3218.78,3221.49,Low
TDPOWERSYS,193.65,192.75,194.55,Low
TEAMLEASE,2256.65,2253.4,2259.9,Low
TECH,28.93,28.91,28.96,High
TECHIN,8.87,8.85,8.88,High
TECHM,1066.63,1063.88,1069.39,Low
TECHNOE,384.67,383.82,385.51,Low
TECILCHEM,26.83,27.27,26.39,Low
TEGA,743.62,739.8,747.43,Low
TEJASNET,645.6,647.03,644.17,Low
TEMBO,222.3,222.62,221.97,Low
TERASOFT,37.98,37.8,38.17,Low
TEXINFRA,55.13,55.38,54.89,Low
TEXMOPIPES,61.78,61.85,61.72,High
TEXRAIL,53.72,53.55,53.88,Low
TFCILTD,71.12,71.1,71.13,High
TFL,9.08,9.07,9.09,High
TGBHOTELS,12.12,12.18,12.06,High
THANGAMAYL,1135.58,1136.08,1135.09,Low
THEINVEST,95.72,95.78,95.66,High
THEJO,1514.12,1510.9,1517.33,Low
THEMISMED,1577.05,1579.88,1574.22,Low
THERMAX,2258.18,2273.82,2242.54,Low
THOMASCOOK,66.53,67.32,65.74,Low
THYROCARE,464.93,464.0,465.87,Low
TI,152.6,153.38,151.82,Low
TIDEWATER,868.98,869.88,868.09,Low
TIIL,1546.92,1535.45,1558.38,Low
TIINDIA,2685.3,2677.5,2693.1,Low
TIJARIA,5.37,5.33,5.41,High
TIL,130.95,131.88,130.03,Low
TIMESCAN,163.2,163.2,163.2,High
TIMESGTY,54.53,54.83,54.24,Low
TIMETECHNO,82.08,82.18,81.99,High
TIMKEN,3216.18,3229.0,3203.37,Low
TINPLATE,312.9,313.0,312.8,High
TIPSFILMS,423.22,423.52,422.91,Low
TIPSINDLTD,166.18,166.55,165.82,Low
TIRUMALCHM,179.78,179.23,180.34,Low
TIRUPATIFL,9.53,9.6,9.47,High
TITAN,2701.55,2701.5,2701.6,High
TMB,413.35,414.4,412.3,Low
TNIDETF,54.76,54.7,54.81,High
TNPETRO,82.65,82.83,82.47,Low
TNPL,252.37,251.53,253.21,Low
TNTELE,6.47,6.5,6.43,High
TOKYOPLAST,91.55,91.5,91.6,High
TORNTPHARM,1655.83,1652.8,1658.87,Low
TORNTPOWER,529.33,530.42,528.24,Low
TOTAL,130.78,130.5,131.07,Low
TOUCHWOOD,164.58,164.82,164.34,Low
TPLPLASTEH,36.17,35.98,36.36,Low
TRACXN,66.93,66.85,67.02,High
TRANSWIND,5.75,5.75,5.75,High
TREEHOUSE,17.03,16.9,17.17,Low
TREJHARA,75.07,74.38,75.76,Low
TRENT,1487.75,1485.07,1490.43,Low
TRF,160.28,160.53,160.04,Low
TRIDENT,33.83,33.9,33.77,High
TRIGYN,107.45,107.12,107.78,Low
TRIL,68.33,68.38,68.29,High
TRITURBINE,381.77,383.93,379.61,Low
TRIVENI,268.85,269.15,268.55,Low
TTKHLTCARE,1236.78,1234.7,1238.87,Low
TTKPRESTIG,718.55,719.75,717.35,Low
TTL,74.03,74.05,74.02,High
TTML,61.48,61.72,61.24,Low
TV18BRDCST,30.87,30.95,30.78,High
TVSELECT,362.77,364.43,361.11,Low
TVSMOTOR,1235.35,1232.95,1237.75,Low
TVSSRICHAK,3004.78,3012.97,2996.59,Low
TVTODAY,183.98,184.0,183.97,High
TVVISION,2.15,2.15,2.15,High
TWL,329.3,329.4,329.2,High
UBL,1417.03,1417.97,1416.09,Low
UCALFUEL,123.65,123.35,123.95,Low
UCL,60.0,60.0,60.0,High
UCOBANK,26.65,26.7,26.6,High
UDAICEMENT,29.62,29.55,29.68,High
UFLEX,440.85,440.95,440.75,High
UFO,70.3,70.42,70.17,Low
UGARSUGAR,106.05,105.55,106.55,Low
UGROCAP,215.1,216.12,214.07,Low
UGROCAP,335.67,335.75,335.58,High
UGROCAP,998.48,999.5,997.47,Low
UGROCAP,1003.9,1003.89,1003.9,High
UJAAS,1.93,1.95,1.92,High
UJJIVAN,323.77,325.25,322.28,Low
UJJIVANSFB,32.75,32.8,32.7,High
ULTRACEMCO,7651.85,7637.12,7666.57,Low
UMA,30.18,29.92,30.44,Low
UMAEXPORTS,43.2,43.15,43.25,High
UMANGDAIRY,59.45,59.58,59.33,High
UMESLTD,3.72,3.72,3.71,High
UNICHEMLAB,373.6,373.75,373.45,Low
UNIDT,220.97,220.3,221.63,Low
UNIENTER,148.9,149.5,148.3,Low
UNIINFO,21.07,21.02,21.11,High
UNIONBANK,69.47,69.53,69.41,High
UNIPARTS,575.7,576.92,574.47,Low
UNITECH,1.37,1.38,1.36,High
UNITEDPOLY,103.95,103.3,104.6,Low
UNITEDTEA,270.48,272.5,268.47,Low
UNIVASTU,90.22,90.53,89.91,Low
UNIVCABLES,388.97,394.52,383.41,Low
UNIVPHOTO,403.7,404.07,403.32,Low
UNOMINDA,544.92,550.85,538.98,Low
UPL,667.02,666.52,667.51,Low
URAVI,155.12,155.18,155.06,High
URJA,7.65,7.65,7.65,High
USASEEDS,502.53,504.3,500.77,Low
USHAMART,234.92,235.28,234.56,Low
USK,30.65,30.77,30.52,Low
UTIAMC,651.93,651.02,652.84,Low
UTIBANKETF,44.39,44.35,44.42,High
UTINEXT50,42.75,42.7,42.8,High
UTINIFTETF,1949.54,1950.84,1948.24,Low
UTISENSETF,658.88,659.28,658.49,Low
UTISXN50,50.92,50.55,51.29,Low
UTTAMSUGAR,260.22,260.82,259.61,Low
V2RETAIL,77.32,77.43,77.21,High
VADILALIND,2425.27,2426.48,2424.06,Low
VAIBHAVGBL,298.25,299.25,297.25,Low
VAISHALI,134.0,134.55,133.45,Low
VAKRANGEE,17.03,17.0,17.07,High
VALIANTORG,482.6,481.38,483.82,Low
VARDHACRLC,48.67,48.75,48.58,High
VARDMNPOLY,41.05,41.05,41.05,High
VARROC,297.28,297.6,296.97,Low
VASA,7.67,7.72,7.61,High
VASCONEQ,37.0,36.97,37.02,High
VASWANI,20.38,20.38,20.39,High
VBL,1591.52,1593.5,1589.53,Low
VCL,2.47,2.47,2.46,High
VEDL,280.48,279.75,281.22,Low
VEEKAYEM,47.22,47.2,47.23,High
VENKEYS,1601.97,1602.85,1601.08,Low
VENUSPIPES,923.47,927.5,919.43,Low
VENUSREM,200.45,200.52,200.37,High
VERANDA,199.43,199.43,199.44,High
VERTOZ,243.6,243.9,243.3,Low
VESUVIUS,2284.25,2288.5,2280.0,Low
VETO,108.38,109.03,107.74,Low
VGUARD,251.57,251.68,251.46,High
VHL,2650.45,2657.0,2643.9,Low
VICEROY,2.17,2.15,2.18,High
VIDHIING,360.75,361.7,359.8,Low
VIJAYA,375.33,375.75,374.92,Low
VIJIFIN,2.05,2.05,2.05,High
VIKASECO,2.98,3.0,2.97,High
VIKASLIFE,3.05,3.05,3.05,High
VIMTALABS,373.83,373.23,374.44,Low
VINATIORGA,1910.58,1920.2,1900.97,Low
VINDHYATEL,2057.05,2095.7,2018.4,Low
VINEETLAB,47.33,47.42,47.24,High
VINNY,7.02,7.03,7.01,High
VINYLINDIA,439.43,442.1,436.77,Low
VIPCLOTHNG,46.75,46.73,46.77,High
VIPIND,630.57,631.53,629.61,Low
VIPULLTD,16.5,16.5,16.5,High
VIRINCHI,34.18,34.23,34.14,High
VISAKAIND,83.57,84.15,82.98,Low
VISASTEEL,11.0,11.05,10.95,High
VISESHINFO,0.43,0.43,0.44,High
VISHAL,19.0,18.9,19.1,High
VISHNU,302.93,303.45,302.42,Low
VISHWARAJ,17.35,17.0,17.7,Low
VITAL,120.02,121.35,118.68,Low
VIVIANA,169.32,168.57,170.06,Low
VIVIDHA,0.87,0.88,0.86,High
VIVO,118.95,117.38,120.53,Low
VLSFINANCE,165.3,166.43,164.18,Low
VMARCIND,43.95,43.77,44.12,Low
VMART,2033.52,2029.47,2037.56,Low
VOLTAMP,3253.03,3249.62,3256.44,Low
VOLTAS,794.7,793.42,795.97,Low
VRLLOG,654.12,652.27,655.96,Low
VSSL,407.42,408.8,406.03,Low
VSTIND,3262.07,3261.5,3262.63,Low
VSTTILLERS,2714.97,2723.5,2706.43,Low
VTL,328.68,328.73,328.64,High
WABAG,420.85,421.38,420.32,Low
WALCHANNAG,77.65,77.9,77.4,Low
WALPAR,77.33,76.62,78.04,Low
WANBURY,48.37,48.48,48.26,High
WATERBASE,68.22,68.2,68.23,High
WEALTH,298.07,299.15,296.98,Low
WEBELSOLAR,89.38,89.72,89.04,Low
WEIZMANIND,102.3,102.6,102.0,Low
WEL,228.77,229.2,228.33,Low
WELCORP,235.95,234.88,237.03,Low
WELENT,150.45,150.38,150.53,High
WELINV,309.53,310.0,309.07,Low
WELSPUNIND,92.35,92.47,92.22,Low
WENDT,9135.77,9140.0,9131.53,Low
WESTLIFE,742.18,743.92,740.44,Low
WEWIN,41.5,41.8,41.2,Low
WHEELS,554.45,552.5,556.4,Low
WHIRLPOOL,1361.35,1358.18,1364.53,Low
WILLAMAGOR,19.6,19.6,19.6,High
WINDLAS,274.03,274.15,273.92,High
WINDMACHIN,47.43,47.33,47.54,High
WIPL,99.18,99.28,99.09,High
WIPRO,385.97,385.85,386.08,High
WOCKPHARMA,170.75,171.28,170.22,Low
WONDERLA,476.02,474.73,477.31,Low
WORTH,105.42,105.55,105.28,Low
WSI,89.05,89.05,89.05,High
WSTCSTPAPR,558.55,556.92,560.17,Low
XCHANGING,60.73,60.9,60.57,Low
XELPMOC,104.57,104.85,104.28,Low
XPROINDIA,727.37,724.97,729.76,Low
YAARI,11.73,11.85,11.62,High
YESBANK,15.67,15.68,15.66,High
YUKEN,594.6,597.47,591.72,Low
ZEEL,186.33,186.62,186.04,Low
ZEELEARN,3.4,3.4,3.4,High
ZEEMEDIA,8.38,8.35,8.42,High
ZENITHEXPO,84.98,84.3,85.67,Low
ZENITHSTL,4.02,4.03,4.01,High
ZENSARTECH,353.47,353.27,353.66,Low
ZENTEC,334.65,333.75,335.55,Low
ZFCVINDIA,10459.22,10442.17,10476.26,Low
ZIMLAB,100.88,100.1,101.67,Low
ZODIAC,109.88,110.35,109.42,Low
ZODIACLOTH,96.72,96.83,96.61,High
ZOMATO,64.23,64.1,64.37,Low
ZOTA,279.18,279.7,278.67,Low
ZUARI,132.37,132.5,132.23,Low
ZUARIIND,125.65,125.97,125.32,Low
ZYDUSLIFE,500.3,503.1,497.5,Low
ZYDUSWELL,1466.65,1467.75,1465.55,Low
